date,avg_price,인스타_좋아요수,인스타_댓글수,블로그_긍정수,블로그_전체수,블로그_부정수,뉴스_긍정수,뉴스_전체수,뉴스_부정수,검색트렌드,기온,강수량,습도,풍속,구름량,날씨_코드,월,요일,계절,유튜브_조회수,유튜브_좋아요수,유튜브_댓글수,유튜브_긍정수,유튜브_중립수,유튜브_부정수
2023-10-27,160000.0,0.0,0.0,0.0,0.0,0.0,0.0,0.0,0.0,0.1729729658193329,0.6305666975213413,0.0067024128686326,0.7795275590551183,0.1353299167200512,0.4525,0,10,4,4,0.0,0.0,0.0,0.0,0.0,0.0
2023-10-28,160000.0,0.0,0.0,1.0,3.0,2.0,0.0,0.0,0.0,0.1639639137050571,0.6033117350611952,0.0,0.7147183525136283,0.0060858424087123,0.0154166666666666,0,10,5,4,0.0,0.0,0.0,0.0,0.0,0.0
2023-10-29,160000.0,0.0,0.0,0.3636363636363637,1.090909090909091,0.7272727272727274,0.0,0.0,0.0,0.1459459112783058,0.601769001337036,0.0,0.7213809812235012,0.1226777706598334,0.1166666666666666,0,10,6,4,0.0,0.0,0.0,0.0,0.0,0.0
2023-10-30,160000.0,43.0,6.0,0.27272727272727276,0.8181818181818183,0.5454545454545455,0.0,0.0,0.0,0.2288287631620819,0.5894271315437623,0.0,0.8279830405814661,0.1122677770659833,0.2141666666666666,0,10,0,4,0.0,0.0,0.0,0.0,0.0,0.0
2023-10-31,160000.0,26.63636363636364,6.181818181818182,0.18181818181818185,2.5454545454545454,2.3636363636363638,0.0,0.0,0.0,0.1639639137050571,0.6063972025095136,0.0,0.8861296184130831,0.1683215887251761,0.5754166666666666,3,10,1,4,0.0,0.0,0.0,0.0,0.0,0.0
2023-11-01,160000.0,15.72727272727273,3.0909090909090917,1.0909090909090908,2.0,0.9090909090909093,0.0,0.0,0.0,0.1729729658193329,0.7240563612053894,0.0871313672922251,0.9097516656571778,0.4638052530429211,0.5816666666666666,0,11,2,4,0.0,0.0,0.0,0.0,0.0,0.0
2023-11-02,160000.0,10.81818181818182,2.181818181818182,1.4090909090909092,2.045454545454546,0.6363636363636365,0.0,0.0,0.0,0.1171170666747836,0.7433919572148515,0.0,0.8195033313143552,0.344170403587444,0.0879166666666666,0,11,3,4,0.0,0.0,0.0,0.0,0.0,0.0
2023-11-03,160000.0,5.90909090909091,1.272727272727273,0.6636363636363637,1.081818181818182,0.41818181818181827,0.0,0.0,0.0,0.1117116964872983,0.7181939730535845,0.1595174262734584,0.9642640823743188,0.3750800768737988,0.91375,3,11,4,4,0.0,0.0,0.0,0.0,0.0,0.0
2023-11-04,160000.0,2.954545454545455,0.6363636363636365,1.4727272727272727,1.690909090909091,0.21818181818181823,0.0,0.0,0.0,0.2216216029121015,0.7080119304741337,0.0268096514745308,0.8134463961235616,0.217008327994875,0.6283333333333334,1,11,5,4,73262.0,1333.0,113.0,71.0,0.0,38.0
2023-11-05,160000.0,1.6727272727272728,0.34545454545454546,0.6363636363636365,1.7272727272727275,1.0909090909090908,0.0,0.0,0.0,0.4018017289814149,0.6926874421474855,0.4155495978552278,0.9006662628709876,0.4730941704035875,0.7916666666666667,51,11,6,4,26815.72727272728,491.7272727272728,41.0909090909091,25.818181818181824,0.0,13.81818181818182
2023-11-06,160000.0,86.08181818181818,11.218181818181819,0.40909090909090917,0.8272727272727274,0.41818181818181827,0.0,0.0,0.0,0.2666666598798799,0.6457883369330455,0.4678284182305628,0.7498485766202303,1.0,0.7316666666666667,51,11,0,4,27492.18181818182,469.0909090909092,39.81818181818183,24.363636363636367,0.0,14.363636363636365
2023-11-07,160000.0,31.109090909090913,4.072727272727273,1.2545454545454546,3.5636363636363635,2.309090909090909,0.0,0.0,0.0,0.2234233929745966,0.4135554869896123,0.0013404825737265,0.5354330708661419,0.4895900064061499,0.2275,0,11,1,4,16076.45454545455,281.72727272727275,23.818181818181824,14.72727272727273,0.0,8.363636363636365
2023-11-08,160000.0,23.181818181818183,3.0000000000000004,0.5000000000000001,2.409090909090909,1.9090909090909092,0.0,0.0,0.0,0.2126125507978258,0.4569577290959581,0.0,0.5208964264082376,0.1037796284433055,0.1366666666666666,0,11,2,4,8723.27272727273,150.54545454545456,12.72727272727273,7.81818181818182,0.0,4.545454545454546
2023-11-09,160000.0,15.454545454545457,2.0000000000000004,0.3363636363636364,1.3363636363636364,1.0,0.0,0.0,0.0,0.1981981284960647,0.55888100380541,0.0482573726541554,0.810417928528165,0.3340807174887891,0.5483333333333333,0,11,3,4,4700.18181818182,79.95454545454547,6.772727272727274,4.136363636363638,0.0,2.454545454545455
2023-11-10,160000.0,7.727272727272728,1.0000000000000002,0.20909090909090913,0.890909090909091,0.6818181818181819,0.0,0.0,0.0,0.1639639137050571,0.3586341664095444,0.0,0.3646274984857663,0.5129724535554132,0.0741666666666666,0,11,4,4,2683.1000000000004,46.036363636363646,3.9000000000000004,2.390909090909091,0.0,1.4000000000000001
2023-11-11,160000.0,61.86363636363637,0.5000000000000001,1.1090909090909091,2.5,1.390909090909091,0.0,0.0,0.0,0.1801801260693133,0.30093592512599,0.0,0.3700787401574804,0.1852978859705317,0.30625,0,11,5,4,1675.3545454545456,29.10909090909091,2.463636363636364,1.5181818181818183,0.0,0.8727272727272729
2023-11-12,160000.0,23.409090909090914,0.30000000000000004,0.40909090909090917,0.9727272727272729,0.5636363636363637,0.0,0.0,0.0,0.2414413954013479,0.2837601563303508,0.0,0.5639006662628712,0.2266175528507367,0.0054166666666666,0,11,6,4,10193.309090909092,94.93636363636364,6.245454545454545,3.1363636363636362,0.0,3.109090909090909
2023-11-13,160000.0,251.36363636363637,50.2,0.30000000000000004,1.6727272727272728,1.3727272727272728,0.0,0.0,0.0,0.255855817703109,0.2866399259487813,0.0,0.5929739551786797,0.2282190903267137,0.0129166666666666,0,11,0,4,3767.0545454545463,35.327272727272735,2.3454545454545457,1.1818181818181819,0.0,1.1636363636363638
2023-11-14,160000.0,95.63636363636365,18.181818181818183,1.2,1.809090909090909,0.6090909090909091,0.0,0.0,0.0,0.2774774002548505,0.3678905687544997,0.0,0.7601453664445792,0.092568866111467,0.32875,1,11,1,4,2723.727272727273,25.090909090909093,1.6363636363636367,0.8181818181818183,0.0,0.8181818181818183
2023-11-15,160000.0,336.0909090909091,59.63636363636364,0.45454545454545464,0.8363636363636365,0.3818181818181819,0.0,0.0,0.0,0.309909824983363,0.4129383934999486,0.0,0.7880072683222292,0.0954516335682255,0.3408333333333334,1,11,2,4,1815.8181818181822,16.72727272727273,1.090909090909091,0.5454545454545455,0.0,0.5454545454545455
2023-11-16,160000.0,288.27272727272725,35.81818181818182,1.3181818181818183,2.5454545454545454,1.2272727272727273,0.0,0.0,0.0,0.2522522375781189,0.4289828242312044,0.1273458445040214,0.9497274379164148,0.198750800768738,0.81375,3,11,3,4,907.9090909090911,8.363636363636365,0.5454545454545455,0.27272727272727276,0.0,0.27272727272727276
2023-11-17,160000.0,148.7636363636364,20.72727272727273,1.5727272727272728,2.0545454545454547,0.4818181818181819,0.0,0.0,0.0,0.2486486574531286,0.3182145428365731,0.0067024128686326,0.6123561477892188,0.3039718129404228,0.39,0,11,4,4,27977.954545454544,238.1818181818182,5.2727272727272725,4.136363636363637,0.0,1.1363636363636365
2023-11-18,190000.0,102.05454545454546,13.363636363636367,0.7454545454545456,1.0818181818181818,0.3363636363636364,0.0,0.0,0.0,0.3081080349208678,0.2718296821968529,0.0,0.5148394912174441,0.4937540038436899,0.02375,0,11,5,4,10281.1,87.60000000000002,1.9818181818181821,1.5363636363636366,0.0,0.44545454545454555
2023-11-19,195000.0,57.92727272727274,7.363636363636365,2.5,3.709090909090909,1.2090909090909092,0.0,0.0,0.0,0.3279279292119145,0.3980253008330763,0.002680965147453,0.7334948516050881,0.2956438180653427,0.1820833333333333,0,11,6,4,7688.127272727274,65.4909090909091,1.4727272727272729,1.1454545454545455,0.0,0.3272727272727273
2023-11-20,200000.0,30.209090909090914,3.9090909090909096,2.0272727272727273,2.5,0.47272727272727283,0.0,0.0,0.0,0.3783783563671782,0.3775583667592307,0.0,0.6656571774682012,0.0964125560538116,0.0,0,11,0,4,5004.363636363637,42.545454545454554,0.9090909090909093,0.7272727272727274,0.0,0.18181818181818185
2023-11-21,200000.0,14.281818181818183,1.7090909090909092,2.0636363636363635,2.381818181818182,0.31818181818181823,0.0,0.0,0.0,0.347747721701161,0.3978196030031884,0.0,0.7195639006662631,0.1383728379244074,0.1154166666666666,0,11,1,4,2502.1818181818185,21.272727272727277,0.45454545454545464,0.3636363636363637,0.0,0.09090909090909093
2023-11-22,195000.0,1548.0181818181818,134.10909090909092,1.072727272727273,1.281818181818182,0.20909090909090913,0.0,0.0,0.0,0.3459459316386658,0.4451301038774041,0.0,0.7534827377347064,0.1917040358744394,0.345,0,11,2,4,1251.0909090909092,10.636363636363638,0.22727272727272732,0.18181818181818185,0.0,0.04545454545454546
2023-11-23,195000.0,562.3818181818183,48.545454545454554,0.6818181818181819,0.7909090909090909,0.10909090909090911,0.0,0.0,0.0,0.3405404596493803,0.521752545510645,0.0053619302949061,0.764990914597214,0.4533952594490711,0.5170833333333333,0,11,3,4,750.6545454545455,6.381818181818183,0.13636363636363638,0.1090909090909091,0.0,0.027272727272727275
2023-11-24,200000.0,419.78181818181827,36.27272727272728,1.3818181818181818,1.4272727272727272,0.04545454545454546,0.0,0.0,0.0,0.40360351904391,0.2347012239020878,0.0,0.400969109630527,0.5230621396540679,0.0020833333333333,0,11,4,4,500.4363636363637,4.254545454545455,0.09090909090909093,0.07272727272727274,0.0,0.018181818181818184
2023-11-25,210000.0,362.85454545454553,44.18181818181819,0.5545454545454547,1.581818181818182,1.0272727272727273,0.0,0.0,0.0,0.349549511763656,0.2171140594466729,0.0,0.3634161114476075,0.0911274823830877,0.07875,0,11,5,4,0.0,0.0,0.0,0.0,0.0,0.0
2023-11-26,210000.0,170.09090909090912,19.363636363636367,0.3818181818181819,1.7636363636363637,1.3818181818181818,0.0,0.0,0.0,0.3819819364921684,0.3420754911035689,0.0,0.3943064809206542,0.0571748878923766,0.5725,2,11,6,4,0.0,0.0,0.0,0.0,0.0,0.0
2023-11-27,210000.0,92.59090909090911,11.500000000000002,0.22727272727272732,0.8636363636363638,0.6363636363636365,0.0,0.0,0.0,0.4504503660741835,0.4344338167232336,0.0482573726541554,0.8576620230163541,0.2852338244714926,0.6954166666666667,51,11,0,4,0.0,0.0,0.0,0.0,0.0,0.0
2023-11-28,210000.0,71.06363636363636,7.263636363636365,0.10909090909090911,0.5636363636363637,0.4545454545454546,0.0,0.0,0.0,0.2666666598798799,0.2827316671809113,0.0,0.5542095699576017,0.3904548366431775,0.1429166666666666,0,11,1,4,0.0,0.0,0.0,0.0,0.0,0.0
2023-11-29,210000.0,111.61818181818182,22.236363636363638,1.0454545454545454,1.3181818181818183,0.27272727272727276,0.0,0.0,0.0,0.2756756101923555,0.2372724467756865,0.0013404825737265,0.5136281041792854,0.2286995515695067,0.5441666666666666,3,11,2,4,0.0,0.0,0.0,0.0,0.0,0.0
2023-11-30,210000.0,33.40909090909092,7.454545454545456,0.390909090909091,0.5272727272727273,0.13636363636363638,0.0,0.0,0.0,0.3459459316386658,0.1725804792759436,0.0,0.2877044215626894,0.3782831518257527,0.0,0,11,3,4,3455.0,8.0,2.0,1.0,0.0,1.0
2023-12-01,210000.0,24.17272727272728,5.454545454545456,2.290909090909091,2.3636363636363638,0.07272727272727274,0.0,0.0,0.0,0.2468467655888333,0.2010696287154171,0.0,0.4354936402180497,0.2556053811659193,0.0420833333333333,0,12,4,1,1256.3636363636365,2.9090909090909096,0.7272727272727274,0.3636363636363637,0.0,0.3636363636363637
2023-12-02,210000.0,15.690909090909095,3.636363636363637,0.9090909090909093,0.9545454545454547,0.045454545454545456,0.0,0.0,0.0,0.2504504475156237,0.30093592512599,0.002680965147453,0.5935796486977591,0.2573670723894939,0.485,0,12,5,1,942.2727272727274,2.181818181818182,0.5454545454545455,0.27272727272727276,0.0,0.27272727272727276
2023-12-03,219666.66666666663,7.090909090909093,1.6363636363636367,1.6363636363636365,1.6545454545454548,0.018181818181818184,0.0,0.0,0.0,0.5045044751562376,0.263704617916281,0.0,0.663234403391884,0.1254003843689942,0.0,0,12,6,1,628.1818181818182,1.4545454545454548,0.3636363636363637,0.18181818181818185,0.0,0.18181818181818185
2023-12-04,219666.66666666663,3.60909090909091,0.8181818181818183,1.772727272727273,1.772727272727273,0.0,0.0,0.0,0.0,0.2522522375781189,0.2905481847166513,0.0,0.6571774682010905,0.1644778987828315,0.1654166666666666,0,12,0,1,314.0909090909091,0.7272727272727274,0.18181818181818185,0.09090909090909093,0.0,0.09090909090909093
2023-12-05,185000.0,9.190909090909091,58.49090909090909,2.8454545454545457,2.8454545454545457,0.0,0.0,0.0,0.0,0.2234233929745966,0.4036819911549933,0.0,0.684433676559661,0.152146060217809,0.5225,3,12,1,1,157.04545454545456,0.3636363636363637,0.09090909090909093,0.04545454545454546,0.0,0.04545454545454546
2023-12-06,175000.0,3.836363636363637,21.41818181818182,2.290909090909091,2.290909090909091,0.0,0.0,0.0,0.0,0.2522522375781189,0.4167438033528747,0.148793565683646,0.8831011508176865,0.3230301089045483,0.6454166666666667,3,12,2,1,94.22727272727273,0.2181818181818182,0.05454545454545455,0.027272727272727275,0.0,0.027272727272727275
2023-12-07,193750.0,1.9090909090909094,15.81818181818182,3.2363636363636363,3.2363636363636363,0.0,0.0,0.0,0.0,0.1891891781835891,0.4008022215365628,0.0,0.6904906117504546,0.3515374759769379,0.0320833333333333,0,12,3,1,62.81818181818183,0.14545454545454548,0.03636363636363637,0.018181818181818184,0.0,0.018181818181818184
2023-12-08,188500.0,1.272727272727273,10.545454545454547,1.5363636363636366,1.5363636363636366,0.0,0.0,0.0,0.0,0.1837837061943036,0.5285405738969455,0.0,0.7704421562689281,0.4662075592568865,0.04875,0,12,4,1,0.0,0.0,0.0,0.0,0.0,0.0
2023-12-09,195500.0,0.6363636363636365,5.272727272727273,1.981818181818182,1.981818181818182,0.0,0.0,0.0,0.0,0.1837837061943036,0.568548801810141,0.002680965147453,0.9230769230769236,0.2397501601537476,0.2845833333333333,0,12,5,1,0.0,0.0,0.0,0.0,0.0,0.0
2023-12-10,202000.0,0.31818181818181823,2.6363636363636367,1.9545454545454546,1.9545454545454546,0.0,0.0,0.0,0.0,0.1945945483710744,0.4937776406458912,0.0013404825737265,0.7825560266505152,0.2320627802690583,0.33125,1,12,6,1,0.0,0.0,0.0,0.0,0.0,0.0
2023-12-11,202000.0,488.1909090909091,4.581818181818182,3.9363636363636365,4.9363636363636365,1.0,0.0,0.0,0.0,0.2702702400048701,0.4954232232849944,0.1916890080428954,0.845548152634767,0.7493593850096092,0.9441666666666668,51,12,0,1,2129.0,15.0,2.0,1.0,0.0,1.0
2023-12-12,230000.0,1706.581818181818,2.1454545454545455,8.7,11.063636363636364,2.3636363636363638,1.0,1.0,0.0,0.2342342351513675,0.4010079193664507,0.0107238605898123,0.7238037552998184,0.2661755285073671,0.5920833333333334,3,12,1,1,774.1818181818184,5.454545454545456,0.7272727272727274,0.3636363636363637,0.0,0.3636363636363637
2023-12-13,198000.0,689.0909090909092,0.8181818181818183,7.709090909090909,9.70909090909091,2.0,0.3636363636363637,0.3636363636363637,0.0,0.2648648698173848,0.4061503651136481,0.0080428954423592,0.7710478497880073,0.1846572709801409,0.5045833333333334,0,12,2,1,580.6363636363637,4.090909090909092,0.5454545454545455,0.27272727272727276,0.0,0.27272727272727276
2023-12-14,198000.0,521.7272727272727,0.5454545454545455,10.081818181818182,11.172727272727274,1.090909090909091,2.272727272727273,2.272727272727273,0.0,0.2252251830370917,0.4637457574822586,0.2654155495978552,0.8679588128407028,0.4892696989109545,0.9983333333333332,53,12,3,1,387.0909090909092,2.727272727272728,0.3636363636363637,0.18181818181818185,0.0,0.18181818181818185
2023-12-15,219500.0,328.18181818181824,0.27272727272727276,5.890909090909092,6.618181818181819,0.7272727272727274,1.9090909090909092,1.9090909090909092,0.0,0.2234233929745966,0.4133497891597244,0.2533512064343163,0.8188976377952759,0.3763613068545803,1.0,3,12,4,1,447008.54545454547,7404.363636363636,113.18181818181819,51.09090909090909,0.0,62.09090909090909
2023-12-16,210000.0,165.5454545454546,0.13636363636363638,5.545454545454546,5.954545454545455,0.40909090909090917,1.0,1.0,0.0,0.2522522375781189,0.204977887483287,0.0053619302949061,0.5275590551181104,0.7235746316463806,0.5125,0,12,5,1,162574.9545454546,2692.6818181818185,41.181818181818194,18.590909090909097,0.0,22.590909090909097
2023-12-17,230000.0,85.71818181818183,0.08181818181818182,4.872727272727273,5.081818181818182,0.20909090909090913,0.6818181818181819,0.6818181818181819,0.0,0.360360353940427,0.0476190476190476,0.0,0.1429436705027256,0.4002242152466368,0.0029166666666666,0,12,6,1,121916.70000000001,2019.4090909090912,30.87272727272728,13.936363636363637,0.0,16.936363636363637
2023-12-18,245000.0,52.02727272727273,0.05454545454545455,3.4272727272727277,3.5454545454545463,0.1181818181818182,0.390909090909091,0.390909090909091,0.0,0.2936936126191067,0.1123110151187905,0.0,0.0,0.1471812940422805,0.4120833333333333,1,12,0,1,81277.80000000002,1346.2727272727275,20.581818181818186,9.290909090909093,0.0,11.290909090909093
2023-12-19,207500.0,155.52727272727273,0.0,1.8727272727272728,1.9363636363636365,0.06363636363636364,0.20000000000000004,0.20000000000000004,0.0,0.2666666598798799,0.1975727656073229,0.0,0.1599030890369472,0.0667841127482383,0.63625,3,12,1,1,40619.54545454546,673.0000000000001,10.272727272727275,4.636363636363638,0.0,5.636363636363638
2023-12-20,240000.0,460.6181818181818,20.0,3.1,3.118181818181818,0.018181818181818184,0.1,0.1,0.0,0.3693693042529025,0.1157050293119408,0.0013404825737265,0.3791641429436705,0.4945547725816783,0.1354166666666666,0,12,2,1,20309.77272727273,336.50000000000006,5.136363636363638,2.318181818181819,0.0,2.818181818181819
2023-12-21,245000.0,185.47272727272727,7.272727272727274,4.318181818181818,8.318181818181818,4.0,0.06363636363636364,0.06363636363636364,0.0,0.2954955044834021,0.0126504165381055,0.0,0.2035130224106601,0.4308135810377963,0.0066666666666666,0,12,3,1,20675.86363636364,277.9,31.081818181818182,16.39090909090909,0.0,14.690909090909091
2023-12-22,247500.0,268.0,26.454545454545453,2.8909090909090907,4.345454545454546,1.4545454545454548,0.018181818181818184,0.018181818181818184,0.0,0.2468467655888333,0.0078165175357399,0.0,0.1387038158691703,0.3933376040999359,0.0004166666666666,0,12,4,1,11640.18181818182,164.23636363636365,12.236363636363638,6.381818181818184,0.0,5.854545454545455
2023-12-23,247500.0,134.8181818181818,11.272727272727275,2.681818181818182,6.772727272727273,4.090909090909091,0.0,0.0,0.0,0.2828828722441361,0.1087113030957523,0.0,0.290732889158086,0.0,0.2129166666666666,0,12,5,1,2471.454545454546,21.454545454545457,7.636363636363638,4.090909090909092,0.0,3.545454545454546
2023-12-24,271333.3333333333,79.40909090909093,7.545454545454547,1.4272727272727277,4.245454545454546,2.8181818181818183,0.0,0.0,0.0,0.2756756101923555,0.2176283040213926,0.0080428954423592,0.4990914597213812,0.0746316463805252,0.5654166666666666,0,12,6,1,1660.636363636364,14.363636363636365,5.090909090909092,2.727272727272728,0.0,2.363636363636364
2023-12-25,235000.0,46.28181818181819,4.727272727272728,0.8363636363636364,2.3818181818181823,1.5454545454545459,0.0,0.0,0.0,0.3261260373476192,0.2356268641365834,0.0067024128686326,0.7129012719563901,0.1209160794362588,0.61125,3,12,0,1,140687.81818181818,2463.2727272727275,117.54545454545455,46.36363636363637,0.0,70.18181818181819
2023-12-26,245000.0,25.6,2.454545454545455,1.4636363636363638,2.463636363636364,1.0000000000000002,0.0,0.0,0.0,0.3207206671601338,0.2834516095855189,0.0,0.6874621441550577,0.1846572709801409,0.37375,1,12,1,1,51275.09090909092,896.7272727272729,43.0909090909091,17.04545454545455,0.0,25.681818181818187
2023-12-27,245000.0,13.52727272727273,1.3181818181818183,0.6181818181818183,1.1818181818181819,0.5636363636363637,0.0,0.0,0.0,0.416216151283176,0.2797490486475368,0.0,0.6117504542701395,0.0659833440102498,0.015,0,12,2,1,38388.68181818182,671.9818181818183,32.12727272727273,12.681818181818183,0.0,19.172727272727276
2023-12-28,245000.0,3.6,0.5727272727272728,0.4000000000000001,0.7000000000000001,0.30000000000000004,3.0,5.0,2.0,0.416216151283176,0.2923994651856423,0.0,0.5869170199878864,0.0648622677770659,0.2683333333333333,0,12,3,1,28491.154545454552,495.98181818181826,29.41818181818182,15.454545454545457,0.0,13.781818181818185
2023-12-29,245000.0,2.4000000000000004,0.3818181818181819,1.2272727272727273,2.3545454545454545,1.1272727272727272,3.090909090909091,3.8181818181818183,0.7272727272727274,0.3135135069101534,0.3011416229558779,0.0,0.7359176256814055,0.0781550288276745,0.5820833333333334,3,12,4,1,13774.890909090911,240.7636363636364,13.363636363636367,6.636363636363638,0.0,6.636363636363638
2023-12-30,250000.0,301.0,1.0,1.4727272727272729,1.9181818181818184,0.44545454545454555,3.545454545454546,4.090909090909092,0.5454545454545455,0.2972972945458972,0.2831430628406871,0.1528150134048257,0.915202907328892,0.2477578475336322,0.85375,51,12,5,1,7147.18181818182,124.72727272727275,7.40909090909091,3.954545454545455,0.0,3.40909090909091
2023-12-31,268000.0,170.45454545454547,80.36363636363636,0.6818181818181819,0.9727272727272728,0.29090909090909095,1.8181818181818183,2.181818181818182,0.3636363636363637,0.2720720300673652,0.3371387431862594,0.0294906166219838,0.9000605693519081,0.2722613709160794,0.67,51,12,6,1,4341.036363636364,75.70909090909092,4.590909090909092,2.5,0.0,2.063636363636364
2024-01-01,257000.0,104.2727272727273,29.36363636363637,0.48181818181818187,0.6636363636363637,0.18181818181818185,1.1818181818181819,1.3636363636363638,0.18181818181818185,0.3423423515136756,0.3194487298159005,0.0,0.840096910963053,0.1628763613068545,0.3904166666666666,0,1,0,1,2806.145454545455,49.01818181818183,2.818181818181819,1.4545454545454548,0.0,1.3454545454545455
2024-01-02,236555.5555555556,142.36363636363637,110.0,0.29090909090909095,1.3818181818181818,1.0909090909090908,0.6818181818181819,0.7727272727272728,0.09090909090909093,0.3567566720136365,0.3276766430114163,0.0013404825737265,0.810417928528165,0.114509929532351,0.91375,3,1,1,1,131.81818181818184,2.181818181818182,0.3636363636363637,0.31818181818181823,0.0,0.04545454545454546
2024-01-03,227428.57142857145,509.27272727272725,50.63636363636365,0.13636363636363638,0.5454545454545455,0.40909090909090917,0.3545454545454546,0.40909090909090917,0.05454545454545455,0.2792791903173457,0.2981590044225033,0.0013404825737265,0.8588734100545126,0.0965727098014093,0.6541666666666667,3,1,2,1,79.0909090909091,1.309090909090909,0.2181818181818182,0.19090909090909092,0.0,0.027272727272727275
2024-01-04,254000.0,610.409090909091,45.77272727272728,2.0727272727272728,3.372727272727273,1.3,0.2,0.2363636363636364,0.03636363636363637,0.2900900324941166,0.2881826596729405,0.0,0.7286493034524533,0.2163677130044843,0.2641666666666666,0,1,3,1,52.727272727272734,0.8727272727272728,0.14545454545454548,0.1272727272727273,0.0,0.018181818181818184
2024-01-05,246625.0,318.3454545454546,48.481818181818184,1.772727272727273,3.336363636363637,1.5636363636363637,0.09090909090909091,0.09090909090909091,0.0,0.2342342351513675,0.3660392882855086,0.0080428954423592,0.8285887341005453,0.2765855221012172,0.205,0,1,4,1,0.0,0.0,0.0,0.0,0.0,0.0
2024-01-06,254666.66666666663,215.0454545454546,22.836363636363643,0.9272727272727274,1.6545454545454548,0.7272727272727274,0.03636363636363637,0.03636363636363637,0.0,0.2720720300673652,0.2567108917000926,0.0053619302949061,0.6608116293155666,0.1764894298526585,0.1429166666666666,0,1,5,1,0.0,0.0,0.0,0.0,0.0,0.0
2024-01-07,238750.0,312.8818181818182,17.454545454545453,0.6363636363636365,1.1363636363636365,0.5,0.0,0.0,0.0,0.3711710943153976,0.1669237889540265,0.0,0.3301029678982436,0.4562780269058296,0.0,0,1,6,1,0.0,0.0,0.0,0.0,0.0,0.0
2024-01-08,242600.0,131.8,9.036363636363637,0.3636363636363637,0.6636363636363637,0.30000000000000004,0.0,0.0,0.0,0.2774774002548505,0.15242209194693,0.0,0.350090854027862,0.0759128763613068,0.285,0,1,0,1,0.0,0.0,0.0,0.0,0.0,0.0
2024-01-09,245333.3333333333,101.24545454545456,5.20909090909091,1.1818181818181819,1.3363636363636364,0.15454545454545457,0.0,0.0,0.0,0.3135135069101534,0.2732695670060681,0.0321715817694369,0.7928528164748638,0.1005765534913516,0.9395833333333332,71,1,1,1,0.0,0.0,0.0,0.0,0.0,0.0
2024-01-10,227000.0,318.1818181818182,14.01818181818182,1.4636363636363638,1.5363636363636366,0.07272727272727274,0.0,0.0,0.0,0.2504504475156237,0.2337755836675923,0.0,0.7843731072077531,0.0968930172966047,0.16375,0,1,2,1,3203997.0,20389.0,1357.0,536.0,11.0,798.0
2024-01-11,214600.0,123.29090909090911,5.5,2.7,2.7454545454545456,0.045454545454545456,0.0,0.0,0.0,0.2900900324941166,0.2681271212588708,0.0,0.8067837674136891,0.1955477258167841,0.7533333333333333,2,1,3,1,1165089.8181818184,7414.18181818182,493.45454545454555,194.90909090909093,4.000000000000001,290.18181818181824
2024-01-12,236000.0,92.20909090909092,3.827272727272728,1.2000000000000002,1.2181818181818185,0.018181818181818184,0.0,0.0,0.0,0.2720720300673652,0.2515684459528952,0.0,0.5820714718352515,0.2219730941704036,0.0029166666666666,0,1,4,1,873817.3636363638,5560.636363636364,370.0909090909091,146.1818181818182,3.0000000000000004,217.63636363636365
2024-01-13,233166.66666666663,57.100000000000016,2.263636363636364,5.818181818181818,5.818181818181818,0.0,0.0,0.0,0.0,0.3423423515136756,0.2308958140491618,0.0,0.2834645669291337,0.1047405509288917,0.0,0,1,5,1,582544.9090909092,3707.09090909091,246.72727272727278,97.45454545454547,2.0000000000000004,145.09090909090912
2024-01-14,232666.66666666663,30.309090909090912,1.1454545454545455,4.318181818181818,4.318181818181818,0.0,0.0,0.0,0.0,0.708108075641588,0.2516712948678392,0.0361930294906166,0.6644457904300425,0.2660153747597693,0.3716666666666666,0,1,6,1,341506.4545454546,2430.545454545455,177.36363636363637,89.72727272727273,1.0000000000000002,85.54545454545456
2024-01-15,235000.0,13.981818181818184,0.5454545454545455,6.345454545454546,6.345454545454546,0.0,0.0,1.0,1.0,0.8450450366074183,0.1808083924714594,0.0,0.2586311326468808,0.2765855221012172,0.0,0,1,0,1,163903.13636363638,1136.5909090909095,81.31818181818184,39.27272727272728,0.5000000000000001,41.00000000000001
2024-01-16,256285.7142857143,8.236363636363636,0.32727272727272727,6.045454545454546,6.045454545454546,0.0,2.0,2.3636363636363638,0.3636363636363637,0.6360359641327825,0.206932016867222,0.0,0.2513628104179286,0.0366752081998718,0.1608333333333333,0,1,1,1,176630.9181818182,2167.427272727273,132.73636363636365,65.80000000000001,0.30000000000000004,66.30909090909091
2024-01-17,234823.5294117647,363.1454545454545,27.21818181818182,9.072727272727274,10.072727272727274,1.0,0.7272727272727274,1.0000000000000002,0.27272727272727276,0.6612612286113144,0.2634989200863931,0.1032171581769436,0.5402786190187765,0.1068225496476617,0.7925,2,1,2,1,94860.30909090911,1004.3454545454547,63.94545454545455,31.74545454545455,0.20000000000000004,31.78181818181819
2024-01-18,227950.0,187.4545454545455,12.81818181818182,7.172727272727273,7.536363636363637,0.3636363636363637,1.5454545454545454,1.7272727272727275,0.18181818181818185,0.6342341740702874,0.3697418492234907,0.0134048257372653,0.7813446396123565,0.2543241511851377,0.42875,0,1,3,1,25660.000000000007,452.0000000000001,27.000000000000004,14.636363636363638,0.0,12.363636363636365
2024-01-19,223750.0,118.54545454545458,8.454545454545455,4.863636363636363,5.136363636363638,0.27272727272727276,0.7272727272727274,0.8181818181818183,0.09090909090909093,0.6378377541952776,0.381055229867325,0.0,0.6159903089036949,0.4825432415118513,0.7883333333333333,3,1,4,1,25558.36363636364,420.68181818181824,18.181818181818187,10.136363636363638,0.0,8.045454545454547
2024-01-20,224000.0,80.63636363636365,5.727272727272728,3.8727272727272735,5.054545454545455,1.1818181818181819,0.4545454545454546,0.5,0.04545454545454546,0.5873873270400138,0.3455723542116631,0.0294906166219838,0.6123561477892188,0.6209160794362588,0.9475,3,1,5,1,11775.47272727273,195.6454545454546,9.200000000000001,5.118181818181819,0.0,4.081818181818183
2024-01-21,226666.66666666663,590.9090909090909,3.0000000000000004,4.00909090909091,5.463636363636364,1.4545454545454546,0.27272727272727276,0.30000000000000004,0.027272727272727275,0.6090090113935556,0.3172889026020776,0.0013404825737265,0.6535433070866143,0.265695067264574,0.9775,3,1,6,1,6989.300000000001,112.30909090909094,4.936363636363637,2.836363636363637,0.0,2.1000000000000005
2024-01-22,229333.3333333333,408.72727272727275,14.5,5.881818181818182,8.563636363636364,2.6818181818181817,0.14545454545454548,0.16363636363636366,0.018181818181818184,0.5549549023115015,0.0910212897253934,0.0,0.3325257419745608,0.6449391415759129,0.5508333333333334,3,1,0,1,4883.881818181819,93.38181818181819,3.390909090909091,2.272727272727273,0.0,1.1181818181818182
2024-01-23,232857.14285714287,230.1727272727273,5.600000000000001,2.6272727272727274,3.836363636363637,1.2090909090909094,0.08181818181818183,2.081818181818182,2.0,0.4684684703027351,0.0,0.0,0.1847365233192004,0.634368994234465,0.0679166666666666,0,1,1,1,2638.481818181818,49.20909090909092,1.9272727272727275,1.181818181818182,0.0,0.7454545454545456
2024-01-24,239333.3333333333,158.9727272727273,4.118181818181819,3.781818181818182,4.618181818181819,0.8363636363636365,0.027272727272727275,0.7545454545454546,0.7272727272727274,0.5117116354062181,0.0844389591689807,0.0,0.1780738946093276,0.5991351697629724,0.0,0,1,2,1,88065.56363636363,1815.1272727272728,116.31818181818181,74.31818181818181,0.0,39.0
2024-01-25,243333.3333333333,85.03636363636365,2.418181818181819,3.7636363636363637,4.263636363636364,0.5000000000000001,0.018181818181818184,0.5636363636363637,0.5454545454545455,0.5081080552812279,0.1541705235009771,0.0,0.1235614778921865,0.2581678411274823,0.0091666666666666,0,1,3,1,36301.46363636364,698.9363636363637,49.39090909090909,31.118181818181824,0.0,17.181818181818187
2024-01-26,237333.3333333333,66.0,3.181818181818182,3.772727272727273,7.027272727272727,3.2545454545454544,0.0,0.3636363636363637,0.3636363636363637,0.3783783563671782,0.2141314409132984,0.0,0.5487583282858877,0.1366111467008328,0.1541666666666666,0,1,4,1,31079.290909090912,571.9818181818183,37.290909090909096,23.745454545454546,0.0,12.72727272727273
2024-01-27,263000.0,32.21818181818182,1.3181818181818183,1.890909090909091,3.118181818181819,1.2272727272727273,0.0,0.18181818181818185,0.18181818181818185,0.4288287835224419,0.2447804175665947,0.0,0.633555420956996,0.138052530429212,0.305,0,1,5,1,19044.409090909092,361.2727272727273,24.13636363636364,15.31818181818182,0.0,8.272727272727275
2024-01-28,249800.0,21.63636363636364,0.9000000000000001,2.2363636363636363,3.127272727272728,0.8909090909090911,0.0,0.09090909090909093,0.09090909090909093,0.4738738404902203,0.2254448215571326,0.0,0.6147789218655362,0.1233183856502242,0.1391666666666666,0,1,6,1,10213.463636363638,188.09090909090912,12.663636363636366,8.02727272727273,0.0,4.363636363636365
2024-01-29,240055.5555555556,7.781818181818183,0.6000000000000001,2.072727272727273,2.6545454545454548,0.5818181818181819,0.0,0.05454545454545455,0.05454545454545455,0.4918918429169717,0.2446775686516507,0.0,0.6444579043004242,0.0743113388853299,0.1933333333333333,0,1,0,1,27743.99090909091,180.04545454545456,26.472727272727273,16.10909090909091,0.0,10.227272727272727
2024-01-30,242000.0,50.18181818181818,0.18181818181818185,4.963636363636364,5.236363636363636,0.27272727272727276,0.0,0.03636363636363637,0.03636363636363637,0.535135109822255,0.2876684150982208,0.0,0.4451847365233192,0.1063420884048686,0.0933333333333333,0,1,1,1,11207.081818181821,86.61818181818182,11.02727272727273,6.745454545454546,0.0,4.2
2024-01-31,239500.0,18.545454545454547,0.09090909090909093,6.090909090909092,6.2272727272727275,0.13636363636363638,0.0,0.0,0.0,0.5297296378329694,0.3431039802530083,0.0,0.4300423985463357,0.1063420884048686,0.2625,0,1,2,1,19359.8,193.2,27.89090909090909,17.81818181818182,1.0,8.01818181818182
2024-02-01,242590.9090909091,13.745454545454548,0.05454545454545455,5.909090909090909,8.99090909090909,3.081818181818182,0.0,2.0,2.0,0.5423422700722355,0.3059755219582434,0.0,0.6317383403997578,0.183055733504164,0.5804166666666666,2,2,3,1,55457.2,524.1727272727273,49.118181818181824,29.03636363636364,0.3636363636363637,18.354545454545455
2024-02-02,247235.29411764705,9.163636363636364,0.03636363636363637,5.081818181818182,6.227272727272728,1.1454545454545455,0.0,0.7272727272727274,0.7272727272727274,0.5729729047382527,0.3270595495217526,0.0,0.6462749848576621,0.1569506726457399,0.8079166666666667,3,2,4,1,23654.145454545454,229.78181818181824,21.145454545454548,12.672727272727276,0.27272727272727276,7.563636363636366
2024-02-03,244714.2857142857,143.36363636363637,0.0,2.70909090909091,4.527272727272728,1.8181818181818183,0.0,0.5454545454545455,0.5454545454545455,0.4054054109082053,0.3369330453563715,0.0187667560321715,0.7171411265899457,0.1639974375400384,0.9408333333333332,3,2,5,1,16387.545454545456,159.59090909090912,14.909090909090912,8.90909090909091,0.18181818181818185,5.363636363636364
2024-02-04,238090.9090909091,52.727272727272734,0.0,1.681818181818182,2.590909090909091,0.9090909090909092,0.0,0.3636363636363637,0.3636363636363637,0.5693693246132625,0.4045047824745449,0.0,0.7183525136281044,0.1551889814221652,0.6979166666666667,3,2,6,1,10554.78181818182,102.62727272727275,9.272727272727273,5.509090909090911,0.09090909090909093,3.400000000000001
2024-02-05,243950.0,39.218181818181826,0.0,1.9454545454545458,3.490909090909091,1.5454545454545454,0.0,0.18181818181818185,0.18181818181818185,0.5711711146757577,0.3370358942713155,0.1018766756032171,0.7377347062386435,0.5707879564381807,0.9170833333333333,71,2,0,1,5439.400000000001,52.50909090909092,4.7272727272727275,2.80909090909091,0.04545454545454546,1.7363636363636368
2024-02-06,248000.0,663.1454545454545,0.0,0.8636363636363638,1.5454545454545456,0.6818181818181819,0.0,0.09090909090909093,0.09090909090909093,0.4810810007402007,0.3167746580273579,0.0134048257372653,0.7419745608721988,0.1519859064702113,0.9066666666666668,3,2,1,1,2567.618181818182,26.109090909090916,2.272727272727273,1.3545454545454547,0.027272727272727275,0.8181818181818183
2024-02-07,238700.0,244.2727272727273,0.0,2.5181818181818185,2.963636363636364,0.44545454545454555,0.0,0.05454545454545455,0.05454545454545455,0.3909909886064442,0.267612876684151,0.0,0.7631738340399761,0.055413196668802,0.3941666666666665,0,2,2,1,7260.072727272727,83.74545454545455,11.4,7.836363636363636,0.018181818181818184,3.5
2024-02-08,236266.66666666663,180.04545454545456,0.0,4.0181818181818185,5.3,1.2818181818181817,0.0,0.03636363636363637,0.03636363636363637,0.4288287835224419,0.261750488532346,0.0,0.7347062386432466,0.0714285714285714,0.2854166666666667,0,2,3,1,2968.3818181818183,33.54545454545455,4.327272727272728,2.9454545454545458,0.0,1.3636363636363638
2024-02-09,251100.0,119.60909090909094,0.0,2.7636363636363637,3.2454545454545456,0.4818181818181819,0.0,0.0,0.0,0.4216216232724615,0.2738866604957318,0.0,0.7019987886129619,0.1651185137732223,0.28125,0,2,4,1,2988.6545454545458,28.872727272727275,4.7272727272727275,2.909090909090909,0.0,1.8181818181818183
2024-02-10,239304.3478260869,60.43636363636365,0.0,2.5909090909090913,3.9272727272727277,1.3363636363636364,0.0,0.0,0.0,0.4486485760116884,0.2819088758613597,0.0,0.6741368867353121,0.1841768097373478,0.15,0,2,5,1,1550.0000000000002,16.000000000000004,2.545454545454546,1.6363636363636367,0.0,0.9090909090909092
2024-02-11,241900.0,28.95454545454546,0.0,3.3909090909090915,3.963636363636364,0.5727272727272728,0.0,0.0,0.0,0.5081080552812279,0.2607219993829065,0.0,0.6735311932162327,0.2319026265214606,0.16,0,2,6,1,902.909090909091,8.90909090909091,1.4545454545454548,0.9090909090909092,0.0,0.5454545454545455
2024-02-12,247250.0,17.372727272727275,0.0,4.5636363636363635,5.945454545454545,1.3818181818181818,0.0,0.0,0.0,0.601801749341775,0.3064897665329631,0.0,0.5911568746214417,0.1801729660474054,0.0033333333333333,0,2,0,1,515.409090909091,4.90909090909091,0.8181818181818183,0.5000000000000001,0.0,0.31818181818181823
2024-02-13,249592.59259259253,11.581818181818184,0.0,2.1000000000000005,3.6909090909090914,1.5909090909090908,0.0,0.0,0.0,0.6306305939452972,0.4419417875141418,0.0,0.7825560266505152,0.3449711723254324,0.0775,0,2,1,1,283.66363636363644,2.763636363636364,0.4545454545454546,0.28181818181818186,0.0,0.17272727272727273
2024-02-14,244571.4285714285,1538.0,15.0,2.4363636363636365,4.190909090909091,1.7545454545454546,0.0,0.0,0.0,0.535135109822255,0.5317288902602078,0.0134048257372653,0.8837068443367657,0.2230941704035874,0.4929166666666665,1,2,2,1,202032.79090909092,2131.690909090909,101.27272727272727,61.17272727272727,0.0,36.1
2024-02-15,250941.17647058825,561.2727272727274,30.454545454545457,3.2181818181818183,4.1000000000000005,0.881818181818182,0.0,0.0,0.0,0.5207206875204939,0.4112928108608454,0.1152815013404825,0.9624470018170808,0.3528187059577194,0.885,3,2,3,1,73443.82727272729,774.818181818182,36.78181818181819,22.209090909090914,0.0,13.11818181818182
2024-02-16,234947.36842105264,420.18181818181824,13.181818181818183,1.4090909090909092,2.981818181818182,1.5727272727272728,0.0,0.0,0.0,0.4396396256992129,0.30093592512599,0.0,0.7116898849182316,0.1404548366431774,0.0441666666666666,0,2,4,1,55079.67272727274,581.0909090909091,27.581818181818186,16.65454545454546,0.0,9.836363636363638
2024-02-17,244750.0,280.18181818181824,9.545454545454547,1.9363636363636365,2.6363636363636367,0.7000000000000001,0.0,0.0,0.0,0.4468467859491933,0.3335390311632213,0.0,0.7601453664445792,0.112908392056374,0.0516666666666666,0,2,5,1,36702.72727272728,387.27272727272737,18.363636363636367,11.090909090909093,0.0,6.545454545454547
2024-02-18,235214.2857142857,140.18181818181822,5.90909090909091,1.9363636363636365,2.372727272727273,0.43636363636363645,0.0,0.0,0.0,0.9999999999999998,0.4017278617710584,0.113941018766756,0.7468201090248336,0.2895579756566304,0.6370833333333333,3,2,6,1,18351.36363636364,193.63636363636368,9.181818181818183,5.545454545454547,0.0,3.2727272727272734
2024-02-19,236315.7894736842,70.09090909090911,2.954545454545455,3.9181818181818184,4.190909090909091,0.27272727272727276,0.0,0.0,0.0,0.9027026240126624,0.5200041139565978,0.1152815013404825,0.9618413082980012,0.299647661755285,0.8620833333333333,51,2,0,1,57698.68181818182,266.81818181818187,23.590909090909093,12.772727272727273,0.0,10.636363636363637
2024-02-20,236950.0,42.03636363636364,1.5454545454545456,3.663636363636364,3.8,0.13636363636363638,0.0,0.0,0.0,0.8306306143056572,0.3727244677568652,0.0268096514745308,0.6995760145366448,0.3340807174887891,0.95,3,2,1,1,23150.136363636368,119.90909090909092,9.663636363636364,5.300000000000001,0.0,4.254545454545456
2024-02-21,234705.8823529412,28.018181818181823,0.9545454545454546,1.890909090909091,1.9545454545454548,0.06363636363636364,0.0,0.0,0.0,0.7009008135898073,0.3442353183173918,0.2050938337801608,0.7819503331314357,0.6588725176169121,1.0,73,2,2,1,16903.818181818184,85.0909090909091,7.018181818181819,3.836363636363637,0.0,3.10909090909091
2024-02-22,249888.88888888888,342.03636363636366,2.4545454545454546,3.2636363636363637,4.290909090909091,1.0272727272727273,0.0,0.0,0.0,0.9099098860644432,0.2874627172683329,0.0764075067024128,0.7165354330708662,0.4892696989109545,0.9404166666666668,71,2,3,1,8822.363636363638,30.909090909090914,3.454545454545455,1.8181818181818186,0.0,1.6363636363636367
2024-02-23,238562.5,124.36363636363639,0.7272727272727274,2.4363636363636365,2.8181818181818183,0.3818181818181819,0.0,0.0,0.0,0.6990990235273121,0.3186259384963489,0.002680965147453,0.5814657783161723,0.3842088404868674,0.6195833333333334,1,2,4,1,4411.181818181819,15.454545454545457,1.7272727272727275,0.9090909090909093,0.0,0.8181818181818183
2024-02-24,239529.41176470587,93.27272727272728,0.5454545454545455,3.272727272727273,5.545454545454546,2.272727272727273,0.0,0.0,0.0,0.6486485963720485,0.3175974493469094,0.0281501340482573,0.6287098728043612,0.2629724535554132,0.6616666666666667,1,2,5,1,2205.5909090909095,7.727272727272728,0.8636363636363638,0.45454545454545464,0.0,0.40909090909090917
2024-02-25,232000.0,62.181818181818194,0.3636363636363637,4.554545454545455,6.463636363636364,1.9090909090909092,0.0,0.0,0.0,0.6666665987987997,0.3446467139771676,0.0281501340482573,0.751059963658389,0.1761691223574631,0.76875,3,2,6,1,1323.3545454545456,4.636363636363637,0.5181818181818182,0.27272727272727276,0.0,0.24545454545454548
2024-02-26,236500.0,130.0909090909091,0.18181818181818185,2.10909090909091,3.10909090909091,1.0,0.0,0.0,0.0,0.7279278681308344,0.3471150879358223,0.0,0.6220472440944882,0.1310057655349135,0.2758333333333333,0,2,0,1,121246.23636363636,1227.090909090909,104.34545454545454,65.18181818181819,0.0,38.163636363636364
2024-02-27,227470.58823529413,51.545454545454554,0.09090909090909093,3.4000000000000004,4.081818181818182,0.6818181818181819,0.0,0.0,0.0,0.7405405003701004,0.3585313174946005,0.0,0.5608721986674745,0.2759449071108264,0.73,3,2,1,1,43768.72727272728,445.0909090909092,37.81818181818183,23.63636363636364,0.0,13.81818181818182
2024-02-28,232333.3333333333,36.32727272727273,0.05454545454545455,4.554545454545455,5.945454545454545,1.390909090909091,0.0,0.0,0.0,0.8360359844931424,0.3987452432376839,0.0,0.6165960024227741,0.1298846893017297,0.8733333333333333,3,2,2,1,69030.54545454546,1056.818181818182,63.36363636363637,29.72727272727273,0.0,33.36363636363637
2024-02-29,234913.0434782609,24.218181818181822,0.03636363636363637,4.063636363636364,8.627272727272729,4.5636363636363635,0.0,0.0,0.0,0.8684684092216549,0.3724159210120334,0.0013404825737265,0.6153846153846156,0.2407110826393337,0.5729166666666666,1,2,3,1,35049.45454545455,485.4545454545455,31.636363636363644,16.181818181818183,0.0,15.272727272727275
2024-03-01,235285.7142857143,9.000000000000002,0.0,4.118181818181819,5.945454545454545,1.8272727272727274,0.0,0.0,0.0,0.7513513425468712,0.1811169392162913,0.0,0.1217443973349485,0.6553491351697629,0.0433333333333333,0,3,4,2,20816.000000000004,308.4545454545455,19.000000000000004,9.181818181818183,0.0,9.727272727272728
2024-03-02,239600.0,42.5,10.0,3.118181818181818,7.454545454545455,4.336363636363637,0.0,0.0,0.0,0.857657567044884,0.2536254242517742,0.0482573726541554,0.4070260448213204,0.4573991031390134,0.4516666666666666,0,3,5,2,12053.636363636366,187.09090909090912,11.090909090909093,5.136363636363637,0.0,5.90909090909091
2024-03-03,243136.36363636365,33.518181818181816,6.636363636363637,3.690909090909091,6.618181818181819,2.9272727272727272,0.0,0.0,0.0,0.963963893344697,0.3428982824231205,0.0053619302949061,0.7425802543912783,0.2802690582959641,0.1266666666666666,0,3,6,2,6573.927272727274,99.10909090909092,6.018181818181819,2.863636363636364,0.0,3.127272727272728
2024-03-04,239714.2857142857,24.345454545454547,13.818181818181818,2.7363636363636368,4.327272727272728,1.5909090909090913,0.0,0.0,0.0,0.8558557769823889,0.355445850046282,0.0,0.4215626892792247,0.0988148622677771,0.2745833333333333,0,3,0,2,3834.072727272728,55.118181818181824,3.4818181818181824,1.7272727272727275,0.0,1.7363636363636368
2024-03-05,239576.92307692303,632.7272727272727,41.27272727272727,2.481818181818182,5.50909090909091,3.0272727272727273,0.0,0.0,0.0,0.7423422904325954,0.4328910829990744,0.0080428954423592,0.4918231374924289,0.286034593209481,0.7791666666666668,3,3,1,2,987.3818181818183,19.71818181818182,0.9545454545454546,0.32727272727272727,0.0,0.6272727272727273
2024-03-06,234060.60606060605,233.2727272727273,16.909090909090914,3.290909090909091,4.6,1.3090909090909093,1.0,1.0,0.0,0.7117116557665781,0.4009050704515068,0.0,0.5735917625681408,0.2543241511851377,0.59,2,3,2,2,6195.254545454545,94.14545454545456,11.636363636363637,10.218181818181819,0.0,0.41818181818181827
2024-03-07,229612.90322580645,538.1818181818182,15.090909090909093,4.5,5.345454545454546,0.8454545454545456,2.3636363636363638,2.3636363636363638,0.0,0.6918918632773318,0.3670677774349481,0.0281501340482573,0.5517867958812843,0.316944266495836,0.5704166666666666,3,3,3,2,11364.454545454546,92.45454545454547,18.0,7.636363636363637,1.0,9.0
2024-03-08,230391.30434782608,293.6272727272727,11.772727272727275,3.063636363636364,3.5545454545454542,0.49090909090909096,1.0000000000000002,1.0000000000000002,0.0,0.722522497943349,0.3058726730432994,0.0,0.4076317383403999,0.4444266495836003,0.0404166666666666,0,3,4,2,6471.454545454546,57.00000000000001,9.090909090909092,4.1818181818181825,0.3636363636363637,4.272727272727273
2024-03-09,229266.66666666663,173.9727272727273,5.80909090909091,3.754545454545455,5.0181818181818185,1.2636363636363637,0.7272727272727274,0.7272727272727274,0.0,0.6540539665595337,0.2886969042476602,0.0,0.4566929133858269,0.2275784753363228,0.0,0,3,5,2,4124.636363636364,36.27272727272728,6.181818181818183,2.9090909090909096,0.27272727272727276,2.818181818181819
2024-03-10,227258.06451612903,107.51818181818183,3.2818181818181826,4.836363636363637,7.309090909090909,2.4727272727272727,0.45454545454545464,0.45454545454545464,0.0,0.735135130182615,0.3449552607219994,0.0,0.621441550575409,0.1526265214606021,0.0741666666666666,0,3,6,2,2629.272727272728,22.090909090909093,3.8181818181818192,1.6363636363636367,0.18181818181818185,1.9090909090909094
2024-03-11,230791.66666666663,185.53636363636366,1.9545454545454548,4.2272727272727275,5.281818181818182,1.0545454545454547,0.22727272727272732,0.22727272727272732,0.0,0.5153153173330086,0.3976139051733005,0.0053619302949061,0.605693519079346,0.1540679051889814,0.6591666666666667,3,3,0,2,17515.590909090908,215.5909090909091,10.954545454545455,2.8181818181818183,0.09090909090909093,8.0
2024-03-12,229269.2307692308,78.20909090909092,1.0454545454545456,3.2090909090909094,5.972727272727273,2.7636363636363637,0.1181818181818182,0.1181818181818182,0.0,0.5135134254687133,0.417977990332202,0.0227882037533511,0.7522713506965477,0.1385329916720051,0.5416666666666666,51,3,1,2,6583.418181818184,80.34545454545456,4.300000000000001,1.181818181818182,0.04545454545454546,3.045454545454546
2024-03-13,227714.2857142857,46.68181818181819,0.2181818181818182,2.8,5.981818181818182,3.1818181818181817,0.07272727272727274,0.07272727272727274,0.0,0.5369368998847501,0.3918543659364394,0.0,0.5996365838885527,0.2929212043561819,0.04125,0,3,2,2,4825.745454545456,59.37272727272728,3.0818181818181825,0.8363636363636365,0.027272727272727275,2.2
2024-03-14,217884.6153846153,30.981818181818184,0.13636363636363635,1.4454545454545455,4.945454545454545,3.5,0.03636363636363637,0.03636363636363637,0.0,0.5009008950312475,0.4271315437622134,0.0,0.6904906117504546,0.2077194106342088,0.0,0,3,3,2,3145.3181818181824,38.56363636363638,1.9181818181818187,0.43636363636363645,0.018181818181818184,1.4636363636363638
2024-03-15,210615.38461538465,462.3818181818182,1.0545454545454545,2.8454545454545457,4.6000000000000005,1.7545454545454549,1.0,1.0,0.0,0.6198197517685262,0.4345366656381776,0.0,0.7843731072077531,0.3132607303010891,0.00875,0,3,4,2,13702.745454545455,105.76363636363637,5.836363636363637,4.181818181818182,0.0,1.6545454545454548
2024-03-16,209937.5,169.40909090909093,0.3636363636363637,2.209090909090909,4.372727272727273,2.1636363636363636,0.3636363636363637,0.3636363636363637,0.0,0.6054053294667652,0.4871953100894786,0.0,0.6117504542701395,0.1191543882126841,0.2175,0,3,5,2,23325.454545454544,172.90909090909093,19.227272727272727,12.545454545454545,0.0,6.681818181818182
2024-03-17,212695.65217391303,126.19090909090912,0.27272727272727276,2.1545454545454543,3.1909090909090914,1.0363636363636366,0.27272727272727276,0.27272727272727276,0.0,0.5819819568525285,0.4758819294456444,0.0013404825737265,0.3731072077528771,0.5744714926329276,0.4845833333333333,1,3,6,2,10370.454545454546,77.2909090909091,7.790909090909092,5.145454545454546,0.0,2.645454545454546
2024-03-18,215966.66666666663,84.12727272727274,0.18181818181818185,2.1090909090909093,2.7090909090909094,0.6000000000000001,0.18181818181818185,0.18181818181818185,0.0,0.4396396256992129,0.4019335596009463,0.0,0.1720169594185343,0.2057975656630364,0.1891666666666666,0,3,0,2,7463.727272727274,55.52727272727274,5.70909090909091,3.763636363636364,0.0,1.9454545454545458
2024-03-19,219031.25,40.909090909090914,0.09090909090909093,2.045454545454546,2.409090909090909,0.3636363636363637,0.09090909090909093,0.09090909090909093,0.0,0.5549549023115015,0.4344338167232336,0.0093833780160857,0.5160508782556026,0.5767136450992952,0.5970833333333334,3,3,1,2,4410.363636363637,31.909090909090914,3.545454545454546,2.363636363636364,0.0,1.1818181818181819
2024-03-20,227548.38709677407,20.454545454545457,0.04545454545454546,5.0181818181818185,5.2,0.18181818181818185,0.04545454545454546,0.04545454545454546,0.0,0.5459459519990258,0.382803661421372,0.0,0.3095093882495458,0.5352338244714927,0.09125,0,3,2,2,5347.181818181818,50.95454545454545,2.772727272727273,1.181818181818182,0.0,1.5909090909090908
2024-03-21,228953.48837209304,12.272727272727273,0.027272727272727275,3.1000000000000005,4.181818181818182,1.0818181818181818,2.0272727272727273,2.0272727272727273,0.0,0.4504503660741835,0.3781754602488944,0.0,0.4585099939430649,0.1356502242152466,0.0770833333333333,0,3,3,2,35075.62727272727,475.1,45.27272727272727,24.60909090909091,0.0,20.663636363636364
2024-03-22,227687.5,8.181818181818183,0.018181818181818184,6.836363636363637,7.227272727272727,0.390909090909091,0.7454545454545456,0.7454545454545456,0.0,0.5783783767275382,0.4969659570091536,0.2184986595174262,0.5511811023622049,0.5538116591928252,0.8341666666666667,3,3,4,2,111362.13636363637,1293.818181818182,73.82727272727273,30.1,0.0,43.72727272727273
2024-03-23,225421.05263157896,123.0,5.0,4.0,4.290909090909091,0.29090909090909095,0.5454545454545455,0.5454545454545455,0.0,0.6216215418310214,0.5618636223387845,0.017426273458445,0.7219866747425803,0.2142857142857142,0.49625,3,3,5,2,45429.05454545455,537.6727272727273,33.218181818181826,14.381818181818183,0.0,18.83636363636364
2024-03-24,232833.3333333333,44.727272727272734,1.8181818181818186,2.3636363636363638,3.545454545454546,1.1818181818181819,0.3636363636363637,0.3636363636363637,0.0,0.601801749341775,0.5974493469093902,0.0,0.4791035735917627,0.2065983344010249,0.3904166666666666,1,3,6,2,66578.54545454546,1216.5454545454545,46.63636363636364,24.090909090909093,0.0,22.545454545454547
2024-03-25,226703.7037037037,33.54545454545455,1.3636363636363638,3.5,3.954545454545455,0.45454545454545464,0.18181818181818185,0.18181818181818185,0.0,0.7027027054541026,0.5173300421680552,0.0335120643431635,0.6626287098728045,0.4983984625240231,0.83875,3,3,0,2,36253.36363636365,577.1363636363637,25.772727272727277,14.090909090909092,0.0,11.681818181818183
2024-03-26,222974.35897435897,22.363636363636367,0.9090909090909093,1.5363636363636366,2.8545454545454545,1.3181818181818183,0.09090909090909093,0.09090909090909093,0.0,0.7837837672753837,0.4533580170729199,0.1662198391420911,0.7637795275590553,0.2676169122357462,0.74625,3,3,1,2,20776.190909090914,359.6818181818182,14.572727272727274,7.90909090909091,0.0,6.663636363636365
2024-03-27,219645.1612903225,11.181818181818183,0.45454545454545464,3.963636363636364,6.536363636363636,2.5727272727272728,0.05454545454545455,0.05454545454545455,0.0,0.549549532124016,0.4907950221125168,0.0,0.7983040581465779,0.1254003843689942,0.55,1,3,2,2,17824.627272727274,266.4727272727273,12.80909090909091,7.9727272727272736,0.0,4.836363636363637
2024-03-28,225216.2162162162,5.590909090909092,0.22727272727272732,3.6545454545454548,5.763636363636364,2.1090909090909093,0.03636363636363637,0.03636363636363637,0.0,0.5819819568525285,0.5199012650416539,0.0402144772117962,0.8879466989703213,0.1426969891095451,0.8979166666666667,51,3,3,2,8873.818181818184,135.45454545454547,6.445454545454546,3.918181818181819,0.0,2.527272727272728
2024-03-29,219257.14285714287,3.354545454545455,0.13636363636363638,4.845454545454546,5.981818181818182,1.1363636363636365,0.0,0.0,0.0,0.5981981692167847,0.4773218142548597,0.067024128686327,0.7995154451847368,0.4442664958360025,0.4666666666666665,0,3,4,2,678292.3636363636,10415.663636363637,363.44545454545454,283.1090909090909,2.0,66.33636363636364
2024-03-30,217808.51063829788,4.236363636363636,0.09090909090909093,4.290909090909091,6.045454545454546,1.7545454545454546,0.0,0.0,0.0,0.7369369202451101,0.4604545922040523,0.0134048257372653,0.656571774682011,0.2365470852017937,0.23125,0,3,5,2,246856.00909090912,3793.0545454545463,132.4,103.24545454545456,0.7272727272727274,24.06363636363637
2024-03-31,216161.29032258064,328.72727272727275,116.0,4.236363636363637,7.027272727272727,2.790909090909091,0.0,0.0,0.0,0.6612612286113144,0.4808186773629539,0.0,0.4439733494851607,0.1172325432415118,0.1358333333333333,0,3,6,2,184796.1181818182,2840.7000000000003,99.04545454545456,77.24545454545454,0.5454545454545455,17.981818181818184
2024-04-01,222700.0,119.81818181818184,42.18181818181819,3.1727272727272724,4.381818181818183,1.2090909090909092,0.0,0.0,0.0,0.535135109822255,0.5220610922554768,0.0,0.3198061780738946,0.212844330557335,0.0495833333333333,0,4,0,2,122706.87272727274,1883.1090909090913,65.6909090909091,51.28181818181819,0.3636363636363637,11.863636363636365
2024-04-02,211541.66666666663,89.81818181818183,31.63636363636364,2.7181818181818183,3.563636363636364,0.8454545454545456,0.0,0.0,0.0,0.547747742061521,0.5889128869690425,0.0,0.4566929133858269,0.1588725176169122,0.3458333333333334,1,4,1,2,61350.05454545456,941.4727272727275,32.83636363636364,25.627272727272732,0.18181818181818185,5.936363636363637
2024-04-03,212966.66666666663,59.81818181818183,21.090909090909093,2.4272727272727277,2.9454545454545453,0.5181818181818183,0.0,0.0,0.0,0.5747746948007478,0.6152422091946931,0.0067024128686326,0.6147789218655362,0.1981101857783472,0.5875,3,4,2,2,30699.85454545455,470.93636363636375,16.43636363636364,12.82727272727273,0.09090909090909093,2.972727272727273
2024-04-04,223517.24137931035,29.909090909090914,10.545454545454547,3.209090909090909,3.454545454545455,0.2454545454545455,0.0,0.0,0.0,0.4468467859491933,0.6206932016867224,0.0,0.4367050272562086,0.3246316463805253,0.7695833333333333,3,4,3,2,18360.327272727274,282.0818181818182,9.818181818181818,7.663636363636364,0.05454545454545455,1.772727272727273
2024-04-05,221083.3333333333,14.963636363636367,5.272727272727273,2.4727272727272727,2.590909090909091,0.1181818181818182,0.0,0.0,0.0,0.4864864727294863,0.5941581816311838,0.0013404825737265,0.50938824954573,0.2893978219090326,0.53125,3,4,4,2,12240.218181818183,188.0545454545455,6.545454545454547,5.10909090909091,0.03636363636363637,1.1818181818181819
2024-04-06,217216.2162162162,8.981818181818182,3.163636363636364,1.3181818181818181,1.3909090909090909,0.07272727272727274,0.0,0.0,0.0,0.535135109822255,0.5441736089684255,0.0,0.5505754088431256,0.128122998078155,0.2845833333333333,1,4,5,2,2662946.0,29588.0,1165.0,381.0,0.0,748.0
2024-04-07,229615.38461538465,5.963636363636365,2.1090909090909093,0.8363636363636364,0.8727272727272728,0.03636363636363637,0.0,0.0,0.0,0.5333333197597598,0.5942610305461279,0.0,0.3004239854633556,0.1141896220371556,0.0945833333333333,0,4,6,2,968344.0000000002,10759.27272727273,423.63636363636374,138.54545454545456,0.0,272.00000000000006
2024-04-08,221000.0,0.0,0.0,1.4545454545454546,2.4545454545454546,1.0,0.0,0.0,0.0,0.5099098453437231,0.6301553018615655,0.0,0.3937007874015749,0.0903267136450993,0.4370833333333334,1,4,0,2,726258.0000000001,8069.454545454547,317.72727272727275,103.90909090909092,0.0,204.00000000000003
2024-04-09,222348.83720930232,0.0,0.0,0.5909090909090909,0.9545454545454547,0.3636363636363637,0.0,0.0,0.0,0.5189188974579988,0.603620281806027,0.0,0.2113870381586918,0.5259449071108265,0.04,0,4,1,2,484172.0000000001,5379.636363636365,211.81818181818187,69.27272727272728,0.0,136.00000000000003
2024-04-10,219906.25,0.0,0.0,2.390909090909091,3.6636363636363636,1.2727272727272727,0.0,0.0,0.0,0.8288288242431621,0.5931296924817444,0.0,0.5384615384615385,0.3183856502242152,0.4766666666666665,1,4,2,2,295382.00000000006,3692.8181818181824,162.90909090909093,66.63636363636364,1.0,90.00000000000001
2024-04-11,222442.3076923077,0.0,0.0,0.9727272727272729,2.5181818181818185,1.5454545454545454,0.0,0.0,0.0,0.7045044955165978,0.619253316877507,0.0067024128686326,0.6759539672925503,0.0864830237027547,0.5175,0,4,3,2,140423.36363636368,1709.636363636364,73.6818181818182,28.95454545454546,0.3636363636363637,42.00000000000001
2024-04-12,223363.63636363635,0.0,0.0,1.6545454545454548,2.381818181818182,0.7272727272727274,0.0,0.0,0.0,0.5855855369775187,0.6509307826802428,0.0,0.6541490006056938,0.1559897501601537,0.1079166666666666,0,4,4,2,87161.07272727274,1080.490909090909,47.31818181818183,19.11818181818182,0.27272727272727276,26.400000000000002
2024-04-13,219034.4827586207,0.0,0.0,0.7727272727272728,1.272727272727273,0.5,0.0,0.0,0.0,0.5837837469150237,0.7006068085981694,0.0,0.5663234403391886,0.1324471492632927,0.18875,0,4,5,2,58107.38181818182,720.3272727272728,31.545454545454547,12.745454545454548,0.18181818181818185,17.6
2024-04-14,217575.7575757576,0.0,0.0,2.481818181818182,2.7818181818181817,0.30000000000000004,0.0,0.0,0.0,0.5207206875204939,0.7476087627275534,0.0,0.4512416717141128,0.1366111467008328,0.2254166666666666,1,4,6,2,4845.09090909091,91.1818181818182,5.1818181818181825,2.9090909090909096,0.09090909090909093,2.0000000000000004
2024-04-15,226179.4871794872,0.0,0.0,1.0181818181818183,1.172727272727273,0.15454545454545457,0.0,0.0,0.0,0.6126125915185459,0.6718091124138641,0.2560321715817694,0.7213809812235012,0.4019859064702115,0.7741666666666668,3,4,0,2,5846.545454545455,76.5909090909091,12.590909090909092,7.454545454545455,0.04545454545454546,5.0
2024-04-16,229891.8918918919,0.0,0.0,0.690909090909091,1.7636363636363637,1.0727272727272728,0.0,0.0,0.0,0.5297296378329694,0.5886043402242107,0.0107238605898123,0.8479709267110844,0.3284753363228699,0.6345833333333334,3,4,1,2,2698.618181818182,38.62727272727273,5.190909090909091,3.0545454545454547,0.027272727272727275,2.0545454545454547
2024-04-17,230645.1612903225,0.0,0.0,0.44545454545454555,0.8545454545454546,0.40909090909090917,0.0,0.0,0.0,0.614414381581041,0.5976550447392781,0.0,0.729860690490612,0.1225176169122357,0.4825,1,4,2,2,1902.8363636363638,26.690909090909095,3.763636363636364,2.2181818181818187,0.018181818181818184,1.4909090909090912
2024-04-18,226666.66666666663,0.0,0.0,1.2090909090909092,1.5,0.29090909090909095,1.0,1.0,0.0,0.4666665784384397,0.6650210840275637,0.0,0.5614778921865538,0.1471812940422805,0.0183333333333333,0,4,3,2,622.5454545454546,5.636363636363638,1.8181818181818186,1.090909090909091,0.0,0.7272727272727274
2024-04-19,224794.11764705885,0.0,0.0,3.4727272727272727,3.6545454545454548,0.18181818181818185,0.3636363636363637,0.3636363636363637,0.0,0.4702702603652302,0.6596729404504784,0.0,0.5499697153240461,0.1790518898142216,0.1745833333333333,1,4,4,2,311.2727272727273,2.818181818181819,0.9090909090909093,0.5454545454545455,0.0,0.3636363636363637
2024-04-20,226894.73684210525,0.0,0.0,1.4181818181818182,2.509090909090909,1.0909090909090908,0.27272727272727276,0.27272727272727276,0.0,0.5261260577079793,0.6261441941787516,0.0764075067024128,0.7874015748031498,0.348334401024984,0.8379166666666668,51,4,5,2,155.63636363636365,1.4090909090909094,0.45454545454545464,0.27272727272727276,0.0,0.18181818181818185
2024-04-21,227611.11111111112,0.0,0.0,1.0363636363636366,1.4454545454545458,0.40909090909090917,0.18181818181818185,0.18181818181818185,0.0,0.5837837469150237,0.6922760464877096,0.0013404825737265,0.5766202301635375,0.5715887251761691,0.80875,3,4,6,2,93.38181818181819,0.8454545454545456,0.27272727272727276,0.16363636363636364,0.0,0.1090909090909091
2024-04-22,219666.66666666663,0.0,13.0,4.636363636363637,8.936363636363637,4.3,0.09090909090909093,0.09090909090909093,0.0,0.5279278477704743,0.7204566491823512,0.0,0.4161114476075105,0.3910954516335682,0.73875,3,4,0,2,62.254545454545465,0.5636363636363637,0.18181818181818185,0.1090909090909091,0.0,0.07272727272727274
2024-04-23,225571.4285714285,0.0,4.727272727272728,1.772727272727273,5.427272727272728,3.6545454545454548,1.0454545454545454,2.0454545454545454,1.0,0.549549532124016,0.6851794713565773,0.0160857908847184,0.5045427013930952,0.4825432415118513,0.5925,1,4,1,2,0.0,0.0,0.0,0.0,0.0,0.0
2024-04-24,222916.66666666663,0.0,3.545454545454546,3.254545454545455,5.163636363636364,1.9090909090909092,0.390909090909091,1.7545454545454546,1.3636363636363638,0.5189188974579988,0.619459014707395,0.1621983914209115,0.7328891580860086,0.3254324151185137,0.7475,3,4,2,2,481.0,2.0,0.0,0.0,0.0,0.0
2024-04-25,225264.7058823529,0.0,2.363636363636364,2.5545454545454547,4.872727272727273,2.3181818181818183,0.29090909090909095,0.9272727272727274,0.6363636363636365,0.4234234133349567,0.6163735472590766,0.0,0.7504542701393098,0.1728058936579115,0.4916666666666666,3,4,3,2,174.90909090909093,0.7272727272727274,0.0,0.0,0.0,0.0
2024-04-26,216730.7692307692,42.0,3.181818181818182,3.327272727272727,5.445454545454546,2.118181818181818,0.18181818181818185,0.6363636363636365,0.4545454545454546,0.4378378356367177,0.6761287668415099,0.0,0.6474863718958208,0.1310057655349135,0.19,1,4,4,2,131.1818181818182,0.5454545454545455,0.0,0.0,0.0,0.0
2024-04-27,220473.68421052632,305.27272727272725,14.318181818181818,1.5454545454545459,3.563636363636364,2.0181818181818185,0.09090909090909093,0.3636363636363637,0.27272727272727276,0.3945945687314345,0.6860022626761288,0.0,0.6535433070866143,0.1311659192825112,0.15125,0,4,5,2,1899.4545454545455,10.363636363636363,1.0,1.0,0.0,0.0
2024-04-28,224085.7142857143,198.90909090909093,5.627272727272729,1.0181818181818183,3.0363636363636366,2.0181818181818185,0.04545454545454546,0.18181818181818185,0.13636363636363638,0.4126125711581858,0.7361925331687752,0.0,0.5523924894003636,0.0616591928251121,0.2391666666666667,1,4,6,2,702.6363636363637,3.818181818181819,0.3636363636363637,0.3636363636363637,0.0,0.0
2024-04-29,223920.0,123.54545454545458,6.145454545454546,1.6181818181818182,4.654545454545454,3.0363636363636366,0.027272727272727275,0.1,0.07272727272727274,0.4900900528544766,0.748225856217217,0.0,0.3918837068443369,0.3705957719410634,0.215,1,4,0,2,320096.04545454547,7448.818181818182,338.27272727272725,184.27272727272728,0.0,150.0
2024-04-30,229481.4814814815,81.45454545454547,3.2727272727272734,1.6454545454545455,4.0,2.3545454545454545,0.018181818181818184,0.06363636363636364,0.045454545454545456,0.5027026850937426,0.6976241900647949,0.0,0.6262870987280438,0.1566303651505445,0.54875,1,4,1,2,585257.4818181818,8511.50909090909,207.09090909090912,120.09090909090911,0.0,85.54545454545456
2024-05-01,224756.75675675675,45.09090909090909,1.8181818181818183,0.790909090909091,3.045454545454546,2.254545454545455,0.0,0.018181818181818184,0.018181818181818184,0.5423422700722355,0.7058521032603108,0.002680965147453,0.3119321623258632,0.2490390775144138,0.52875,2,5,2,2,257769.47272727275,4141.49090909091,122.81818181818183,69.54545454545456,0.0,52.18181818181819
2024-05-02,222542.8571428572,662.0545454545454,2.0090909090909093,0.5272727272727273,1.709090909090909,1.1818181818181819,1.0,1.0,0.0,0.5405404800097403,0.7006068085981694,0.0,0.4391278013325259,0.2472773862908392,0.0008333333333333,0,5,3,2,188954.18181818185,2971.636363636364,84.40909090909092,47.95454545454547,0.0,35.727272727272734
2024-05-03,222555.5555555556,344.4,46.93636363636364,2.309090909090909,4.036363636363636,1.7272727272727273,0.3636363636363637,0.3636363636363637,0.0,0.4198197314081662,0.7322842744009053,0.0,0.4367050272562086,0.1172325432415118,0.0175,0,5,4,2,115389.4181818182,1744.818181818182,46.02727272727273,26.390909090909094,0.0,19.272727272727277
2024-05-04,225379.3103448276,218.10000000000005,17.32727272727273,4.863636363636363,7.636363636363637,2.772727272727273,0.27272727272727276,0.27272727272727276,0.0,0.3909909886064442,0.7748637251876994,0.0,0.3609933373712902,0.1688020499679692,0.1729166666666667,0,5,5,2,57970.036363636376,875.6363636363636,23.018181818181823,13.200000000000001,0.0,9.636363636363638
2024-05-05,221416.66666666663,215.8636363636364,24.78181818181818,6.072727272727273,8.281818181818181,2.209090909090909,0.18181818181818185,0.18181818181818185,0.0,0.4018017289814149,0.728684562377867,0.8954423592493296,0.8219261053906726,0.4410634208840487,0.99125,63,5,6,2,30554.72727272728,473.16363636363644,13.036363636363637,7.427272727272728,0.0,5.5
2024-05-06,223906.25,102.03636363636366,12.854545454545459,10.954545454545455,13.154545454545456,2.2,0.09090909090909093,0.09090909090909093,0.0,0.5531531122490063,0.6410572868456239,0.0831099195710455,0.9200484554815264,0.517777065983344,0.9958333333333332,51,5,0,2,18860.47272727273,296.80000000000007,8.436363636363637,4.790909090909092,0.0,3.572727272727273
2024-05-07,225180.0,361.40909090909093,89.5,8.92727272727273,14.063636363636363,5.136363636363637,0.04545454545454546,0.04545454545454546,0.0,0.5225224775829891,0.6265555898385273,0.0254691689008042,0.7316777710478499,0.4410634208840487,0.90875,3,5,1,2,8655.436363636365,107.08181818181819,1.5272727272727276,0.9636363636363637,0.0,0.5636363636363637
2024-05-08,223548.38709677407,145.3818181818182,34.118181818181824,5.818181818181818,7.972727272727275,2.1545454545454548,0.027272727272727275,0.027272727272727275,0.0,0.441441415761708,0.6319037334156126,0.002680965147453,0.5499697153240461,0.1680012812299807,0.1516666666666666,0,5,2,2,80.12727272727274,0.9545454545454546,0.0,0.0,0.0,0.0
2024-05-09,228500.0,103.6818181818182,24.72727272727273,6.50909090909091,7.990909090909092,1.481818181818182,0.018181818181818184,0.018181818181818184,0.0,0.3981981488564247,0.6496965957009155,0.0,0.6402180496668686,0.3131005765534914,0.0825,0,5,3,2,53.41818181818183,0.6363636363636365,0.0,0.0,0.0,0.0
2024-05-10,222733.3333333333,60.300000000000004,16.290909090909093,4.1454545454545455,5.081818181818183,0.9363636363636365,0.0,0.0,0.0,0.4396396256992129,0.6758202200966781,0.0,0.6087219866747429,0.2713004484304933,0.1229166666666666,0,5,4,2,50010.0,613.0,71.0,48.0,0.0,23.0
2024-05-11,222625.0,99.57272727272728,7.781818181818183,2.272727272727273,2.7454545454545456,0.47272727272727283,0.0,0.0,0.0,0.601801749341775,0.6922760464877096,0.2171581769436996,0.8092065414900063,0.5712684176809738,0.7295833333333333,3,5,5,2,57240.454545454544,1120.909090909091,51.81818181818183,30.454545454545457,0.0,21.363636363636367
2024-05-12,223484.84848484848,40.56363636363637,3.945454545454546,3.381818181818182,3.6090909090909093,0.22727272727272732,0.0,0.0,0.0,0.5693693246132625,0.6771572559909494,0.0,0.6523319200484556,0.2704996796925047,0.2729166666666667,0,5,6,2,27840.909090909096,493.72727272727286,28.818181818181824,17.81818181818182,0.0,11.000000000000002
2024-05-13,224689.6551724138,274.3818181818182,18.236363636363635,2.4818181818181824,2.6090909090909093,0.1272727272727273,0.0,0.0,0.0,0.5387386899472453,0.6973156433199631,0.0,0.5275590551181104,0.1481422165278667,0.0029166666666666,0,5,0,2,20240.09090909091,360.36363636363643,20.000000000000004,12.272727272727273,0.0,7.727272727272728
2024-05-14,220312.5,108.0727272727273,7.30909090909091,2.2363636363636363,3.3090909090909095,1.0727272727272728,0.0,0.0,0.0,0.4792792106777057,0.6992697727038981,0.0,0.5324046032707452,0.2115631005765534,0.0275,0,5,1,2,11827.636363636364,220.45454545454552,11.181818181818183,6.727272727272728,0.0,4.454545454545455
2024-05-15,233555.5555555556,134.72727272727275,9.363636363636363,1.1454545454545455,2.5090909090909093,1.3636363636363638,0.0,0.0,0.0,0.3963963587939296,0.6072199938290652,0.3042895442359248,0.7401574803149606,0.3569827033952595,0.58875,0,5,2,2,7398.909090909092,119.59090909090912,8.590909090909092,6.363636363636364,0.0,2.2272727272727275
2024-05-16,227115.38461538465,70.2727272727273,4.727272727272728,1.7181818181818183,2.3545454545454545,0.6363636363636365,0.0,0.0,0.0,0.4990991049687524,0.5896328293736502,0.0455764075067023,0.6814052089642644,0.3656310057655348,0.2345833333333332,0,5,3,2,3752.954545454546,61.536363636363646,4.20909090909091,2.990909090909091,0.0,1.2181818181818183
2024-05-17,226866.66666666663,41.00000000000001,2.8181818181818183,1.7454545454545456,2.2,0.4545454545454546,0.0,0.0,0.0,0.416216151283176,0.6728376015633036,0.0,0.7304663840096914,0.2491992312620115,0.305,0,5,4,2,2412.227272727273,38.45454545454546,2.8181818181818183,2.045454545454546,0.0,0.7727272727272728
2024-05-18,227000.0,213.5909090909091,1.6363636363636367,0.8272727272727274,1.1,0.27272727272727276,0.0,0.0,0.0,0.4180179413456711,0.7359868353388873,0.0,0.7292549969715325,0.2099615631005765,0.0958333333333333,0,5,5,2,994.4545454545457,18.145454545454548,1.0181818181818183,0.781818181818182,0.0,0.2363636363636364
2024-05-19,229217.39130434784,396.3727272727273,13.89090909090909,1.5636363636363635,2.7,1.1363636363636365,0.0,0.0,0.0,0.3729728843778926,0.7498714388563201,0.0,0.7129012719563901,0.1289237668161434,0.1470833333333333,0,5,6,2,144.43636363636367,0.9272727272727275,0.27272727272727276,0.27272727272727276,0.0,0.0
2024-05-20,226829.2682926829,464.6272727272727,10.245454545454546,0.6818181818181819,1.1181818181818182,0.43636363636363645,0.0,0.0,0.0,0.4054054109082053,0.7358839864239434,0.0281501340482573,0.8461538461538465,0.2054772581678411,0.6479166666666667,3,5,0,2,74.47272727272728,0.4818181818181819,0.13636363636363638,0.13636363636363638,0.0,0.0
2024-05-21,220705.8823529412,227.93636363636367,5.500000000000001,0.42727272727272736,1.7454545454545456,1.3181818181818183,0.0,0.0,0.0,0.360360353940427,0.769618430525558,0.0,0.7540884312537859,0.0992953235105701,0.47125,3,5,1,2,39.27272727272727,0.24545454545454548,0.08181818181818182,0.08181818181818182,0.0,0.0
2024-05-22,218864.86486486485,322.01818181818186,10.818181818181818,1.2545454545454546,3.8181818181818183,2.5636363636363635,0.0,0.0,0.0,0.3459459316386658,0.7420549213205803,0.0,0.7995154451847368,0.1439782190903267,0.5583333333333333,1,5,2,2,26.181818181818187,0.16363636363636366,0.05454545454545455,0.05454545454545455,0.0,0.0
2024-05-23,226107.14285714287,150.90909090909093,4.636363636363637,1.5,2.590909090909091,1.090909090909091,0.0,0.0,0.0,0.3009008746708874,0.7372210223182147,0.0,0.7631738340399761,0.2205317104420243,0.31875,0,5,3,2,0.0,0.0,0.0,0.0,0.0,0.0
2024-05-24,226444.44444444444,91.50000000000003,2.954545454545455,0.7000000000000001,1.4727272727272729,0.7727272727272728,0.0,0.0,0.0,0.3207206671601338,0.7682813946312868,0.0,0.7692307692307694,0.0494875080076873,0.7333333333333333,3,5,4,2,0.0,0.0,0.0,0.0,0.0,0.0
2024-05-25,219470.58823529413,451.6363636363636,38.85454545454545,1.481818181818182,1.9636363636363638,0.4818181818181819,0.0,0.0,0.0,0.3333332993993999,0.7948164146868251,0.0,0.5972138098122353,0.2682575272261372,0.8291666666666667,3,5,5,2,0.0,0.0,0.0,0.0,0.0,0.0
2024-05-26,218259.25925925927,190.84545454545457,102.46363636363637,2.6545454545454548,5.9,3.2454545454545456,0.0,0.0,0.0,0.5369368998847501,0.7607734238403786,0.0951742627345844,0.735311932162326,0.3640294682895579,0.75875,51,5,6,2,0.0,0.0,0.0,0.0,0.0,0.0
2024-05-27,216951.21951219512,320.42727272727274,91.50000000000001,2.1363636363636367,3.3454545454545457,1.2090909090909092,0.0,0.0,0.0,0.4468467859491933,0.7377352668929344,0.0,0.5717746820109026,0.4729340166559898,0.25625,0,5,0,2,0.0,0.0,0.0,0.0,0.0,0.0
2024-05-28,224178.57142857145,599.6454545454546,52.73636363636364,2.163636363636364,3.0545454545454547,0.8909090909090911,0.0,0.0,0.0,0.4594594181884593,0.7418492234906922,0.0,0.5324046032707452,0.2986867392696989,0.1425,0,5,1,2,0.0,0.0,0.0,0.0,0.0,0.0
2024-05-29,217052.63157894736,261.8545454545455,38.30909090909091,2.1363636363636367,2.7181818181818187,0.5818181818181819,0.0,0.0,0.0,0.4540540480009739,0.7666358119921837,0.0,0.5439127801332526,0.1716848174247277,0.1025,0,5,2,2,0.0,0.0,0.0,0.0,0.0,0.0
2024-05-30,220592.59259259253,2019.3636363636365,30.136363636363644,1.0636363636363637,1.3363636363636364,0.27272727272727276,0.0,0.0,0.0,0.4108107810956907,0.7647845315231926,0.0,0.5275590551181104,0.0526905829596412,0.6658333333333333,3,5,3,2,0.0,0.0,0.0,0.0,0.0,0.0
2024-05-31,219450.0,781.1636363636366,14.554545454545456,2.6636363636363636,2.8,0.13636363636363638,0.0,0.0,0.0,0.3999999389189198,0.7651959271829684,0.0040214477211795,0.6014536644457906,0.3025304292120436,0.2654166666666667,0,5,4,2,0.0,0.0,0.0,0.0,0.0,0.0
2024-06-01,222142.8571428572,560.009090909091,8.845454545454547,1.1181818181818182,2.2,1.0818181818181818,0.0,0.0,0.0,0.3351350894618949,0.7902910624292915,0.0227882037533511,0.5227135069654756,0.3705957719410634,0.31375,0,6,5,3,0.0,0.0,0.0,0.0,0.0,0.0
2024-06-02,221923.0769230769,560.0454545454546,42.11818181818182,1.7454545454545456,2.1636363636363636,0.41818181818181827,0.0,0.0,0.0,0.4900900528544766,0.7732181425485962,0.0,0.4451847365233192,0.2602498398462524,0.0816666666666666,0,6,6,3,0.0,0.0,0.0,0.0,0.0,0.0
2024-06-03,222863.63636363635,255.63636363636368,15.454545454545457,2.8181818181818183,5.090909090909091,2.272727272727273,0.0,0.0,0.0,0.4756756305527155,0.8111693921629128,0.0,0.3646274984857663,0.2669762972453555,0.0779166666666666,0,6,0,3,0.0,0.0,0.0,0.0,0.0,0.0
2024-06-04,224400.0,216.20909090909095,20.68181818181818,2.2272727272727275,3.1363636363636367,0.9090909090909093,0.0,0.0,0.0,0.4180179413456711,0.8253625424251775,0.0,0.2955784373107208,0.1939461883408071,0.0529166666666666,0,6,1,3,0.0,0.0,0.0,0.0,0.0,0.0
2024-06-05,231054.05405405405,111.91818181818184,10.681818181818183,3.2,3.8363636363636364,0.6363636363636365,0.0,0.0,0.0,0.3873873066796538,0.8573485549727452,0.0,0.3628104179285282,0.1007367072389494,0.2404166666666667,1,6,2,3,0.0,0.0,0.0,0.0,0.0,0.0
2024-06-06,222333.3333333333,70.65454545454546,6.254545454545456,1.5090909090909093,1.9181818181818182,0.40909090909090917,0.0,0.0,0.0,0.3855855166171587,0.8586855908670166,0.002680965147453,0.4591156874621443,0.0855221012171684,0.2216666666666666,1,6,3,3,0.0,0.0,0.0,0.0,0.0,0.0
2024-06-07,220146.34146341463,27.772727272727277,4.500000000000001,1.9909090909090912,2.2,0.20909090909090913,0.0,0.0,0.0,0.3963963587939296,0.822379923891803,0.0,0.5336159903089039,0.0999359385009609,0.4545833333333333,1,6,4,3,0.0,0.0,0.0,0.0,0.0,0.0
2024-06-08,219891.8918918919,13.972727272727274,2.281818181818182,0.9363636363636365,1.0454545454545456,0.10909090909090911,0.0,0.0,0.0,0.3657657241279122,0.7812403579142242,0.2117962466487935,0.7771047849788009,0.1428571428571428,0.58,51,6,5,3,0.0,0.0,0.0,0.0,0.0,0.0
2024-06-09,219513.51351351352,8.436363636363637,1.4000000000000004,1.5727272727272728,3.6272727272727274,2.0545454545454547,0.0,0.0,0.0,0.5405404800097403,0.8156947444204465,0.0,0.6923076923076925,0.1092248558616271,0.4370833333333334,1,6,6,3,0.0,0.0,0.0,0.0,0.0,0.0
2024-06-10,228107.6923076923,3.0,0.4545454545454546,2.7,4.463636363636364,1.7636363636363637,0.0,0.0,0.0,0.5405404800097403,0.8552915766738662,0.0,0.670502725620836,0.2025944907110826,0.1145833333333333,0,6,0,3,0.0,0.0,0.0,0.0,0.0,0.0
2024-06-11,227654.54545454544,280.8181818181818,21.272727272727273,2.1636363636363636,3.072727272727273,0.9090909090909092,0.0,0.0,0.0,0.4522522579384789,0.8701018204257945,0.0,0.663234403391884,0.2238949391415758,0.3708333333333333,1,6,1,3,0.0,0.0,0.0,0.0,0.0,0.0
2024-06-12,224953.48837209304,1400.7272727272727,37.68181818181819,1.1727272727272728,3.8090909090909095,2.6363636363636367,0.0,0.0,0.0,0.3927927786689393,0.8751414172580482,0.0,0.5324046032707452,0.1888212684176809,0.2129166666666666,0,6,2,3,0.0,0.0,0.0,0.0,0.0,0.0
2024-06-13,226482.14285714287,575.6181818181818,21.663636363636368,2.754545454545455,4.845454545454546,2.090909090909091,0.0,0.0,0.0,0.3981981488564247,0.910727141828654,0.0,0.4609327680193824,0.151665598975016,0.0745833333333333,0,6,3,3,0.0,0.0,0.0,0.0,0.0,0.0
2024-06-14,224714.2857142857,414.9272727272728,13.836363636363638,5.154545454545454,7.245454545454546,2.090909090909091,0.0,0.0,0.0,0.347747721701161,0.9187493571942816,0.0,0.495457298606905,0.1899423446508648,0.2595833333333333,1,6,4,3,0.0,0.0,0.0,0.0,0.0,0.0
2024-06-15,224636.36363636365,268.90909090909093,8.72727272727273,2.2090909090909094,3.3090909090909095,1.1,0.0,0.0,0.0,0.3207206671601338,0.8629023963797183,0.0965147453083109,0.7559055118110238,0.1792120435618193,0.7141666666666667,51,6,5,3,594.0,6.0,0.0,0.0,0.0,0.0
2024-06-16,225166.66666666663,135.6818181818182,4.590909090909092,1.5727272727272728,4.272727272727273,2.7,0.0,0.0,0.0,0.4450449958866981,0.8529260516301553,0.0013404825737265,0.5978195033313147,0.2948430493273542,0.0566666666666666,0,6,6,3,74700.0,1362.1818181818182,170.0,101.0,0.0,68.0
2024-06-17,228425.0,376.1090909090909,15.39090909090909,1.9727272727272729,3.0818181818181825,1.1090909090909091,0.0,0.0,0.0,0.4216216232724615,0.8528232027152115,0.0,0.5075711689884921,0.2306213965406791,0.20375,1,6,0,3,27286.090909090915,497.18181818181824,62.81818181818183,37.727272727272734,0.0,24.72727272727273
2024-06-18,224520.0,422.3636363636364,22.154545454545456,1.8363636363636364,2.5727272727272728,0.7363636363636364,0.0,0.0,0.0,0.4522522579384789,0.8827522369639,0.0,0.5723803755299821,0.1859385009609225,0.0054166666666666,0,6,1,3,20436.000000000004,372.3636363636364,46.727272727272734,27.909090909090914,0.0,18.545454545454547
2024-06-19,223476.19047619047,205.90000000000003,10.045454545454547,1.872727272727273,3.3454545454545457,1.4727272727272729,0.0,0.0,0.0,0.3531530918886462,0.949398333847578,0.0,0.4972743791641431,0.124439461883408,0.1641666666666666,0,6,2,3,13607.181818181822,248.09090909090912,31.181818181818187,18.63636363636364,0.0,12.363636363636365
2024-06-20,224821.4285714285,971.6727272727273,6.818181818181819,0.9636363636363638,1.554545454545455,0.5909090909090909,0.0,0.0,0.0,0.3567566720136365,0.9750077136686208,0.0,0.348273773470624,0.1587123638693146,0.155,0,6,3,3,6805.363636363638,124.09090909090911,15.636363636363638,9.363636363636365,0.0,6.1818181818181825
2024-06-21,221962.9629629629,386.0000000000001,4.090909090909092,3.618181818181818,4.0,0.3818181818181819,0.0,0.0,0.0,0.3297297192744096,0.9547464774246632,0.0,0.3961235614778921,0.1513452914798205,0.2825,1,6,4,3,3405.3818181818187,62.072727272727285,7.818181818181819,4.6818181818181825,0.0,3.0909090909090913
2024-06-22,223400.0,269.1363636363637,2.045454545454546,1.4090909090909092,3.6454545454545455,2.2363636363636363,0.0,0.0,0.0,0.362162144002922,0.8782268847063666,0.3525469168900804,0.808600847970927,0.1739269698910954,0.8516666666666667,3,6,5,3,6872.954545454546,109.24545454545455,17.681818181818183,10.8,0.0,5.8545454545454545
2024-06-23,229454.54545454544,546.5090909090909,102.08181818181818,1.981818181818182,3.836363636363637,1.8545454545454547,0.0,0.0,0.0,0.374774776242188,0.8950941067571737,0.0965147453083109,0.8122350090854031,0.2440743113388853,0.665,3,6,6,3,3111.318181818182,50.936363636363645,7.8454545454545475,4.772727272727273,0.0,2.6909090909090914
2024-06-24,227885.7142857143,329.28181818181827,37.400000000000006,1.0,3.9545454545454546,2.9545454545454546,0.0,0.0,0.0,0.3585585638779318,0.861771058315335,0.148793565683646,0.751059963658389,0.3888532991672006,0.48375,1,6,0,3,33542.70909090909,549.6545454545454,17.563636363636363,15.2,0.0,2.090909090909091
2024-06-25,232512.8205128205,182.70909090909097,27.83636363636364,1.5909090909090908,2.981818181818182,1.3909090909090913,0.0,0.0,0.0,0.3837837265546636,0.8189859096986527,0.0134048257372653,0.6468806783767416,0.3814862267777066,0.2566666666666667,0,6,1,3,12596.18181818182,205.81818181818184,7.454545454545456,6.181818181818183,0.0,1.090909090909091
2024-06-26,235410.2564102564,189.10000000000002,52.36363636363637,0.7000000000000001,2.627272727272728,1.9272727272727275,0.0,0.0,0.0,0.362162144002922,0.8516918646508281,0.0040214477211796,0.6717141126589947,0.0823190262652146,0.2204166666666666,0,6,2,3,9227.636363636364,151.09090909090912,5.000000000000001,4.272727272727273,0.0,0.6363636363636365
2024-06-27,243309.52380952385,231.5727272727273,22.545454545454547,0.44545454545454555,2.3545454545454545,1.9090909090909092,0.0,0.0,0.0,0.4432432058242031,0.9090815591895508,0.0,0.5366444579043006,0.0373158231902626,0.1479166666666666,0,6,3,3,6078.59090909091,99.63636363636365,3.1363636363636367,2.727272727272728,0.0,0.3636363636363637
2024-06-28,242666.66666666663,145.6909090909091,14.227272727272728,0.28181818181818186,2.2,1.9181818181818184,0.0,0.0,0.0,0.362162144002922,0.9078473722102232,0.0,0.4512416717141128,0.1358103779628443,0.1125,0,6,4,3,3061.245454545455,50.14545454545455,1.6272727272727274,1.4000000000000004,0.0,0.2
2024-06-29,240789.47368421053,715.4181818181819,113.20909090909092,0.1181818181818182,1.090909090909091,0.9727272727272729,0.0,0.0,0.0,0.3981981488564247,0.9302684356680038,0.4624664879356567,0.5808600847970928,0.3300768737988469,0.5079166666666666,0,6,5,3,1552.5727272727274,25.400000000000002,0.8727272727272728,0.7363636363636366,0.0,0.1181818181818182
2024-06-30,239571.4285714285,962.5090909090909,43.92727272727274,6.0636363636363635,7.681818181818182,1.6181818181818182,0.0,0.0,0.0,0.360360353940427,0.867530597552196,0.0603217158176943,0.9164142943670504,0.6492632927610505,0.8725,51,6,6,3,878.8636363636365,14.454545454545455,0.38181818181818183,0.35454545454545455,0.0,0.027272727272727275
2024-07-01,244551.72413793104,445.6181818181819,30.363636363636367,3.2090909090909094,5.927272727272728,2.7181818181818183,0.0,0.0,0.0,0.4324323636474322,0.8973567828859407,0.0,0.7437916414294368,0.0975336322869955,0.6004166666666666,3,7,0,3,585.909090909091,9.636363636363638,0.2545454545454546,0.2363636363636364,0.0,0.018181818181818184
