date,avg_price,인스타_좋아요수,인스타_댓글수,블로그_긍정수,블로그_전체수,블로그_부정수,뉴스_긍정수,뉴스_전체수,뉴스_부정수,검색트렌드,기온,강수량,습도,풍속,구름량,날씨_코드,월,요일,계절,유튜브_조회수,유튜브_좋아요수,유튜브_댓글수,유튜브_긍정수,유튜브_부정수
2023-10-27,160000,0,0,0,0,0,0,0,0,0.172972966,0.630566698,0.006702413,0.779527559,0.135329917,0.4525,0,10,4,4,0,0,0,0,0
2023-10-28,160000,0,0,1,3,2,0,0,0,0.163963914,0.603311735,0,0.714718353,0.006085842,0.015416667,0,10,5,4,0,0,0,0,0
2023-10-29,160000,0,0,0.363636364,1.090909091,0.727272727,0,0,0,0.145945911,0.601769001,0,0.721380981,0.122677771,0.116666667,0,10,6,4,0,0,0,0,0
2023-10-30,160000,43,6,0.272727273,0.818181818,0.545454545,0,0,0,0.228828763,0.589427132,0,0.827983041,0.112267777,0.214166667,0,10,0,4,0,0,0,0,0
2023-10-31,160000,26.63636364,6.181818182,0.181818182,2.545454545,2.363636364,0,0,0,0.163963914,0.606397203,0,0.886129618,0.168321589,0.575416667,3,10,1,4,0,0,0,0,0
2023-11-01,160000,15.72727273,3.090909091,1.090909091,2,0.909090909,0,0,0,0.172972966,0.724056361,0.087131367,0.909751666,0.463805253,0.581666667,0,11,2,4,0,0,0,0,0
2023-11-02,160000,10.81818182,2.181818182,1.409090909,2.045454545,0.636363636,0,0,0,0.117117067,0.743391957,0,0.819503331,0.344170404,0.087916667,0,11,3,4,0,0,0,0,0
2023-11-03,160000,5.909090909,1.272727273,0.663636364,1.081818182,0.418181818,0,0,0,0.111711696,0.718193973,0.159517426,0.964264082,0.375080077,0.91375,3,11,4,4,0,0,0,0,0
2023-11-04,160000,2.954545455,0.636363636,1.472727273,1.690909091,0.218181818,0,0,0,0.221621603,0.70801193,0.026809651,0.813446396,0.217008328,0.628333333,1,11,5,4,73262,1333,113,71,38
2023-11-05,160000,1.672727273,0.345454545,0.636363636,1.727272727,1.090909091,0,0,0,0.401801729,0.692687442,0.415549598,0.900666263,0.47309417,0.791666667,51,11,6,4,26815.72727,491.7272727,41.09090909,25.81818182,13.81818182
2023-11-06,160000,86.08181818,11.21818182,0.409090909,0.827272727,0.418181818,0,0,0,0.26666666,0.645788337,0.467828418,0.749848577,1,0.731666667,51,11,0,4,27492.18182,469.0909091,39.81818182,24.36363636,14.36363636
2023-11-07,160000,31.10909091,4.072727273,1.254545455,3.563636364,2.309090909,0,0,0,0.223423393,0.413555487,0.001340483,0.535433071,0.489590006,0.2275,0,11,1,4,16076.45455,281.7272727,23.81818182,14.72727273,8.363636364
2023-11-08,160000,23.18181818,3,0.5,2.409090909,1.909090909,0,0,0,0.212612551,0.456957729,0,0.520896426,0.103779628,0.136666667,0,11,2,4,8723.272727,150.5454545,12.72727273,7.818181818,4.545454545
2023-11-09,160000,15.45454545,2,0.336363636,1.336363636,1,0,0,0,0.198198128,0.558881004,0.048257373,0.810417929,0.334080717,0.548333333,0,11,3,4,4700.181818,79.95454545,6.772727273,4.136363636,2.454545455
2023-11-10,160000,7.727272727,1,0.209090909,0.890909091,0.681818182,0,0,0,0.163963914,0.358634166,0,0.364627498,0.512972454,0.074166667,0,11,4,4,2683.1,46.03636364,3.9,2.390909091,1.4
2023-11-11,160000,61.86363636,0.5,1.109090909,2.5,1.390909091,0,0,0,0.180180126,0.300935925,0,0.37007874,0.185297886,0.30625,0,11,5,4,1675.354545,29.10909091,2.463636364,1.518181818,0.872727273
2023-11-12,160000,23.40909091,0.3,0.409090909,0.972727273,0.563636364,0,0,0,0.241441395,0.283760156,0,0.563900666,0.226617553,0.005416667,0,11,6,4,10193.30909,94.93636364,6.245454545,3.136363636,3.109090909
2023-11-13,160000,251.3636364,50.2,0.3,1.672727273,1.372727273,0,0,0,0.255855818,0.286639926,0,0.592973955,0.22821909,0.012916667,0,11,0,4,3767.054545,35.32727273,2.345454545,1.181818182,1.163636364
2023-11-14,160000,95.63636364,18.18181818,1.2,1.809090909,0.609090909,0,0,0,0.2774774,0.367890569,0,0.760145366,0.092568866,0.32875,1,11,1,4,2723.727273,25.09090909,1.636363636,0.818181818,0.818181818
2023-11-15,160000,336.0909091,59.63636364,0.454545455,0.836363636,0.381818182,0,0,0,0.309909825,0.412938393,0,0.788007268,0.095451634,0.340833333,1,11,2,4,1815.818182,16.72727273,1.090909091,0.545454545,0.545454545
2023-11-16,160000,288.2727273,35.81818182,1.318181818,2.545454545,1.227272727,0,0,0,0.252252238,0.428982824,0.127345845,0.949727438,0.198750801,0.81375,3,11,3,4,907.9090909,8.363636364,0.545454545,0.272727273,0.272727273
2023-11-17,160000,148.7636364,20.72727273,1.572727273,2.054545455,0.481818182,0,0,0,0.248648657,0.318214543,0.006702413,0.612356148,0.303971813,0.39,0,11,4,4,27977.95455,238.1818182,5.272727273,4.136363636,1.136363636
2023-11-18,190000,102.0545455,13.36363636,0.745454545,1.081818182,0.336363636,0,0,0,0.308108035,0.271829682,0,0.514839491,0.493754004,0.02375,0,11,5,4,10281.1,87.6,1.981818182,1.536363636,0.445454545
2023-11-19,195000,57.92727273,7.363636364,2.5,3.709090909,1.209090909,0,0,0,0.327927929,0.398025301,0.002680965,0.733494852,0.295643818,0.182083333,0,11,6,4,7688.127273,65.49090909,1.472727273,1.145454545,0.327272727
2023-11-20,200000,30.20909091,3.909090909,2.027272727,2.5,0.472727273,0,0,0,0.378378356,0.377558367,0,0.665657177,0.096412556,0,0,11,0,4,5004.363636,42.54545455,0.909090909,0.727272727,0.181818182
2023-11-21,200000,14.28181818,1.709090909,2.063636364,2.381818182,0.318181818,0,0,0,0.347747722,0.397819603,0,0.719563901,0.138372838,0.115416667,0,11,1,4,2502.181818,21.27272727,0.454545455,0.363636364,0.090909091
2023-11-22,195000,1548.018182,134.1090909,1.072727273,1.281818182,0.209090909,0,0,0,0.345945932,0.445130104,0,0.753482738,0.191704036,0.345,0,11,2,4,1251.090909,10.63636364,0.227272727,0.181818182,0.045454545
2023-11-23,195000,562.3818182,48.54545455,0.681818182,0.790909091,0.109090909,0,0,0,0.34054046,0.521752546,0.00536193,0.764990915,0.453395259,0.517083333,0,11,3,4,750.6545455,6.381818182,0.136363636,0.109090909,0.027272727
2023-11-24,200000,419.7818182,36.27272727,1.381818182,1.427272727,0.045454545,0,0,0,0.403603519,0.234701224,0,0.40096911,0.52306214,0.002083333,0,11,4,4,500.4363636,4.254545455,0.090909091,0.072727273,0.018181818
2023-11-25,210000,362.8545455,44.18181818,0.554545455,1.581818182,1.027272727,0,0,0,0.349549512,0.217114059,0,0.363416111,0.091127482,0.07875,0,11,5,4,0,0,0,0,0
2023-11-26,210000,170.0909091,19.36363636,0.381818182,1.763636364,1.381818182,0,0,0,0.381981936,0.342075491,0,0.394306481,0.057174888,0.5725,2,11,6,4,0,0,0,0,0
2023-11-27,210000,92.59090909,11.5,0.227272727,0.863636364,0.636363636,0,0,0,0.450450366,0.434433817,0.048257373,0.857662023,0.285233824,0.695416667,51,11,0,4,0,0,0,0,0
2023-11-28,210000,71.06363636,7.263636364,0.109090909,0.563636364,0.454545455,0,0,0,0.26666666,0.282731667,0,0.55420957,0.390454837,0.142916667,0,11,1,4,0,0,0,0,0
2023-11-29,210000,111.6181818,22.23636364,1.045454545,1.318181818,0.272727273,0,0,0,0.27567561,0.237272447,0.001340483,0.513628104,0.228699552,0.544166667,3,11,2,4,0,0,0,0,0
2023-11-30,210000,33.40909091,7.454545455,0.390909091,0.527272727,0.136363636,0,0,0,0.345945932,0.172580479,0,0.287704422,0.378283152,0,0,11,3,4,3455,8,2,1,1
2023-12-01,210000,24.17272727,5.454545455,2.290909091,2.363636364,0.072727273,0,0,0,0.246846766,0.201069629,0,0.43549364,0.255605381,0.042083333,0,12,4,1,1256.363636,2.909090909,0.727272727,0.363636364,0.363636364
2023-12-02,210000,15.69090909,3.636363636,0.909090909,0.954545455,0.045454545,0,0,0,0.250450448,0.300935925,0.002680965,0.593579649,0.257367072,0.485,0,12,5,1,942.2727273,2.181818182,0.545454545,0.272727273,0.272727273
2023-12-03,219666.6667,7.090909091,1.636363636,1.636363636,1.654545455,0.018181818,0,0,0,0.504504475,0.263704618,0,0.663234403,0.125400384,0,0,12,6,1,628.1818182,1.454545455,0.363636364,0.181818182,0.181818182
2023-12-04,219666.6667,3.609090909,0.818181818,1.772727273,1.772727273,0,0,0,0,0.252252238,0.290548185,0,0.657177468,0.164477899,0.165416667,0,12,0,1,314.0909091,0.727272727,0.181818182,0.090909091,0.090909091
2023-12-05,185000,9.190909091,58.49090909,2.845454545,2.845454545,0,0,0,0,0.223423393,0.403681991,0,0.684433677,0.15214606,0.5225,3,12,1,1,157.0454545,0.363636364,0.090909091,0.045454545,0.045454545
2023-12-06,175000,3.836363636,21.41818182,2.290909091,2.290909091,0,0,0,0,0.252252238,0.416743803,0.148793566,0.883101151,0.323030109,0.645416667,3,12,2,1,94.22727273,0.218181818,0.054545455,0.027272727,0.027272727
2023-12-07,193750,1.909090909,15.81818182,3.236363636,3.236363636,0,0,0,0,0.189189178,0.400802222,0,0.690490612,0.351537476,0.032083333,0,12,3,1,62.81818182,0.145454545,0.036363636,0.018181818,0.018181818
2023-12-08,188500,1.272727273,10.54545455,1.536363636,1.536363636,0,0,0,0,0.183783706,0.528540574,0,0.770442156,0.466207559,0.04875,0,12,4,1,0,0,0,0,0
2023-12-09,195500,0.636363636,5.272727273,1.981818182,1.981818182,0,0,0,0,0.183783706,0.568548802,0.002680965,0.923076923,0.23975016,0.284583333,0,12,5,1,0,0,0,0,0
2023-12-10,202000,0.318181818,2.636363636,1.954545455,1.954545455,0,0,0,0,0.194594548,0.493777641,0.001340483,0.782556027,0.23206278,0.33125,1,12,6,1,0,0,0,0,0
2023-12-11,202000,488.1909091,4.581818182,3.936363636,4.936363636,1,0,0,0,0.27027024,0.495423223,0.191689008,0.845548153,0.749359385,0.944166667,51,12,0,1,2129,15,2,1,1
2023-12-12,230000,1706.581818,2.145454545,8.7,11.06363636,2.363636364,1,1,0,0.234234235,0.401007919,0.010723861,0.723803755,0.266175529,0.592083333,3,12,1,1,774.1818182,5.454545455,0.727272727,0.363636364,0.363636364
2023-12-13,198000,689.0909091,0.818181818,7.709090909,9.709090909,2,0.363636364,0.363636364,0,0.26486487,0.406150365,0.008042895,0.77104785,0.184657271,0.504583333,0,12,2,1,580.6363636,4.090909091,0.545454545,0.272727273,0.272727273
2023-12-14,198000,521.7272727,0.545454545,10.08181818,11.17272727,1.090909091,2.272727273,2.272727273,0,0.225225183,0.463745757,0.26541555,0.867958813,0.489269699,0.998333333,53,12,3,1,387.0909091,2.727272727,0.363636364,0.181818182,0.181818182
2023-12-15,219500,328.1818182,0.272727273,5.890909091,6.618181818,0.727272727,1.909090909,1.909090909,0,0.223423393,0.413349789,0.253351206,0.818897638,0.376361307,1,3,12,4,1,447008.5455,7404.363636,113.1818182,51.09090909,62.09090909
2023-12-16,210000,165.5454545,0.136363636,5.545454545,5.954545455,0.409090909,1,1,0,0.252252238,0.204977887,0.00536193,0.527559055,0.723574632,0.5125,0,12,5,1,162574.9545,2692.681818,41.18181818,18.59090909,22.59090909
2023-12-17,230000,85.71818182,0.081818182,4.872727273,5.081818182,0.209090909,0.681818182,0.681818182,0,0.360360354,0.047619048,0,0.142943671,0.400224215,0.002916667,0,12,6,1,121916.7,2019.409091,30.87272727,13.93636364,16.93636364
2023-12-18,245000,52.02727273,0.054545455,3.427272727,3.545454545,0.118181818,0.390909091,0.390909091,0,0.293693613,0.112311015,0,0,0.147181294,0.412083333,1,12,0,1,81277.8,1346.272727,20.58181818,9.290909091,11.29090909
2023-12-19,207500,155.5272727,0,1.872727273,1.936363636,0.063636364,0.2,0.2,0,0.26666666,0.197572766,0,0.159903089,0.066784113,0.63625,3,12,1,1,40619.54545,673,10.27272727,4.636363636,5.636363636
2023-12-20,240000,460.6181818,20,3.1,3.118181818,0.018181818,0.1,0.1,0,0.369369304,0.115705029,0.001340483,0.379164143,0.494554773,0.135416667,0,12,2,1,20309.77273,336.5,5.136363636,2.318181818,2.818181818
2023-12-21,245000,185.4727273,7.272727273,4.318181818,8.318181818,4,0.063636364,0.063636364,0,0.295495504,0.012650417,0,0.203513022,0.430813581,0.006666667,0,12,3,1,20675.86364,277.9,31.08181818,16.39090909,14.69090909
2023-12-22,247500,268,26.45454545,2.890909091,4.345454545,1.454545455,0.018181818,0.018181818,0,0.246846766,0.007816518,0,0.138703816,0.393337604,0.000416667,0,12,4,1,11640.18182,164.2363636,12.23636364,6.381818182,5.854545455
2023-12-23,247500,134.8181818,11.27272727,2.681818182,6.772727273,4.090909091,0,0,0,0.282882872,0.108711303,0,0.290732889,0,0.212916667,0,12,5,1,2471.454545,21.45454545,7.636363636,4.090909091,3.545454545
2023-12-24,271333.3333,79.40909091,7.545454545,1.427272727,4.245454545,2.818181818,0,0,0,0.27567561,0.217628304,0.008042895,0.49909146,0.074631646,0.565416667,0,12,6,1,1660.636364,14.36363636,5.090909091,2.727272727,2.363636364
2023-12-25,235000,46.28181818,4.727272727,0.836363636,2.381818182,1.545454545,0,0,0,0.326126037,0.235626864,0.006702413,0.712901272,0.120916079,0.61125,3,12,0,1,140687.8182,2463.272727,117.5454545,46.36363636,70.18181818
2023-12-26,245000,25.6,2.454545455,1.463636364,2.463636364,1,0,0,0,0.320720667,0.28345161,0,0.687462144,0.184657271,0.37375,1,12,1,1,51275.09091,896.7272727,43.09090909,17.04545455,25.68181818
2023-12-27,245000,13.52727273,1.318181818,0.618181818,1.181818182,0.563636364,0,0,0,0.416216151,0.279749049,0,0.611750454,0.065983344,0.015,0,12,2,1,38388.68182,671.9818182,32.12727273,12.68181818,19.17272727
2023-12-28,245000,3.6,0.572727273,0.4,0.7,0.3,3,5,2,0.416216151,0.292399465,0,0.58691702,0.064862268,0.268333333,0,12,3,1,28491.15455,495.9818182,29.41818182,15.45454545,13.78181818
2023-12-29,245000,2.4,0.381818182,1.227272727,2.354545455,1.127272727,3.090909091,3.818181818,0.727272727,0.313513507,0.301141623,0,0.735917626,0.078155029,0.582083333,3,12,4,1,13774.89091,240.7636364,13.36363636,6.636363636,6.636363636
2023-12-30,250000,301,1,1.472727273,1.918181818,0.445454545,3.545454545,4.090909091,0.545454545,0.297297295,0.283143063,0.152815013,0.915202907,0.247757848,0.85375,51,12,5,1,7147.181818,124.7272727,7.409090909,3.954545455,3.409090909
2023-12-31,268000,170.4545455,80.36363636,0.681818182,0.972727273,0.290909091,1.818181818,2.181818182,0.363636364,0.27207203,0.337138743,0.029490617,0.900060569,0.272261371,0.67,51,12,6,1,4341.036364,75.70909091,4.590909091,2.5,2.063636364
2024-01-01,257000,104.2727273,29.36363636,0.481818182,0.663636364,0.181818182,1.181818182,1.363636364,0.181818182,0.342342352,0.31944873,0,0.840096911,0.162876361,0.390416667,0,1,0,1,2806.145455,49.01818182,2.818181818,1.454545455,1.345454545
2024-01-02,236555.5556,142.3636364,110,0.290909091,1.381818182,1.090909091,0.681818182,0.772727273,0.090909091,0.356756672,0.327676643,0.001340483,0.810417929,0.11450993,0.91375,3,1,1,1,131.8181818,2.181818182,0.363636364,0.318181818,0.045454545
2024-01-03,227428.5714,509.2727273,50.63636364,0.136363636,0.545454545,0.409090909,0.354545455,0.409090909,0.054545455,0.27927919,0.298159004,0.001340483,0.85887341,0.09657271,0.654166667,3,1,2,1,79.09090909,1.309090909,0.218181818,0.190909091,0.027272727
2024-01-04,254000,610.4090909,45.77272727,2.072727273,3.372727273,1.3,0.2,0.236363636,0.036363636,0.290090032,0.28818266,0,0.728649303,0.216367713,0.264166667,0,1,3,1,52.72727273,0.872727273,0.145454545,0.127272727,0.018181818
2024-01-05,246625,318.3454545,48.48181818,1.772727273,3.336363636,1.563636364,0.090909091,0.090909091,0,0.234234235,0.366039288,0.008042895,0.828588734,0.276585522,0.205,0,1,4,1,0,0,0,0,0
2024-01-06,254666.6667,215.0454545,22.83636364,0.927272727,1.654545455,0.727272727,0.036363636,0.036363636,0,0.27207203,0.256710892,0.00536193,0.660811629,0.17648943,0.142916667,0,1,5,1,0,0,0,0,0
2024-01-07,238750,312.8818182,17.45454545,0.636363636,1.136363636,0.5,0,0,0,0.371171094,0.166923789,0,0.330102968,0.456278027,0,0,1,6,1,0,0,0,0,0
2024-01-08,242600,131.8,9.036363636,0.363636364,0.663636364,0.3,0,0,0,0.2774774,0.152422092,0,0.350090854,0.075912876,0.285,0,1,0,1,0,0,0,0,0
2024-01-09,245333.3333,101.2454545,5.209090909,1.181818182,1.336363636,0.154545455,0,0,0,0.313513507,0.273269567,0.032171582,0.792852816,0.100576553,0.939583333,71,1,1,1,0,0,0,0,0
2024-01-10,227000,318.1818182,14.01818182,1.463636364,1.536363636,0.072727273,0,0,0,0.250450448,0.233775584,0,0.784373107,0.096893017,0.16375,0,1,2,1,3203997,20389,1357,536,798
2024-01-11,214600,123.2909091,5.5,2.7,2.745454545,0.045454545,0,0,0,0.290090032,0.268127121,0,0.806783767,0.195547726,0.753333333,2,1,3,1,1165089.818,7414.181818,493.4545455,194.9090909,290.1818182
2024-01-12,236000,92.20909091,3.827272727,1.2,1.218181818,0.018181818,0,0,0,0.27207203,0.251568446,0,0.582071472,0.221973094,0.002916667,0,1,4,1,873817.3636,5560.636364,370.0909091,146.1818182,217.6363636
2024-01-13,233166.6667,57.1,2.263636364,5.818181818,5.818181818,0,0,0,0,0.342342352,0.230895814,0,0.283464567,0.104740551,0,0,1,5,1,582544.9091,3707.090909,246.7272727,97.45454545,145.0909091
2024-01-14,232666.6667,30.30909091,1.145454545,4.318181818,4.318181818,0,0,0,0,0.708108076,0.251671295,0.036193029,0.66444579,0.266015375,0.371666667,0,1,6,1,341506.4545,2430.545455,177.3636364,89.72727273,85.54545455
2024-01-15,235000,13.98181818,0.545454545,6.345454545,6.345454545,0,0,1,1,0.845045037,0.180808392,0,0.258631133,0.276585522,0,0,1,0,1,163903.1364,1136.590909,81.31818182,39.27272727,41
2024-01-16,256285.7143,8.236363636,0.327272727,6.045454545,6.045454545,0,2,2.363636364,0.363636364,0.636035964,0.206932017,0,0.25136281,0.036675208,0.160833333,0,1,1,1,176630.9182,2167.427273,132.7363636,65.8,66.30909091
2024-01-17,234823.5294,363.1454545,27.21818182,9.072727273,10.07272727,1,0.727272727,1,0.272727273,0.661261229,0.26349892,0.103217158,0.540278619,0.10682255,0.7925,2,1,2,1,94860.30909,1004.345455,63.94545455,31.74545455,31.78181818
2024-01-18,227950,187.4545455,12.81818182,7.172727273,7.536363636,0.363636364,1.545454545,1.727272727,0.181818182,0.634234174,0.369741849,0.013404826,0.78134464,0.254324151,0.42875,0,1,3,1,25660,452,27,14.63636364,12.36363636
2024-01-19,223750,118.5454545,8.454545455,4.863636364,5.136363636,0.272727273,0.727272727,0.818181818,0.090909091,0.637837754,0.38105523,0,0.615990309,0.482543242,0.788333333,3,1,4,1,25558.36364,420.6818182,18.18181818,10.13636364,8.045454545
2024-01-20,224000,80.63636364,5.727272727,3.872727273,5.054545455,1.181818182,0.454545455,0.5,0.045454545,0.587387327,0.345572354,0.029490617,0.612356148,0.620916079,0.9475,3,1,5,1,11775.47273,195.6454545,9.2,5.118181818,4.081818182
2024-01-21,226666.6667,590.9090909,3,4.009090909,5.463636364,1.454545455,0.272727273,0.3,0.027272727,0.609009011,0.317288903,0.001340483,0.653543307,0.265695067,0.9775,3,1,6,1,6989.3,112.3090909,4.936363636,2.836363636,2.1
2024-01-22,229333.3333,408.7272727,14.5,5.881818182,8.563636364,2.681818182,0.145454545,0.163636364,0.018181818,0.554954902,0.09102129,0,0.332525742,0.644939142,0.550833333,3,1,0,1,4883.881818,93.38181818,3.390909091,2.272727273,1.118181818
2024-01-23,232857.1429,230.1727273,5.6,2.627272727,3.836363636,1.209090909,0.081818182,2.081818182,2,0.46846847,0,0,0.184736523,0.634368994,0.067916667,0,1,1,1,2638.481818,49.20909091,1.927272727,1.181818182,0.745454545
2024-01-24,239333.3333,158.9727273,4.118181818,3.781818182,4.618181818,0.836363636,0.027272727,0.754545455,0.727272727,0.511711635,0.084438959,0,0.178073895,0.59913517,0,0,1,2,1,88065.56364,1815.127273,116.3181818,74.31818182,39
2024-01-25,243333.3333,85.03636364,2.418181818,3.763636364,4.263636364,0.5,0.018181818,0.563636364,0.545454545,0.508108055,0.154170524,0,0.123561478,0.258167841,0.009166667,0,1,3,1,36301.46364,698.9363636,49.39090909,31.11818182,17.18181818
2024-01-26,237333.3333,66,3.181818182,3.772727273,7.027272727,3.254545455,0,0.363636364,0.363636364,0.378378356,0.214131441,0,0.548758328,0.136611147,0.154166667,0,1,4,1,31079.29091,571.9818182,37.29090909,23.74545455,12.72727273
2024-01-27,263000,32.21818182,1.318181818,1.890909091,3.118181818,1.227272727,0,0.181818182,0.181818182,0.428828784,0.244780418,0,0.633555421,0.13805253,0.305,0,1,5,1,19044.40909,361.2727273,24.13636364,15.31818182,8.272727273
2024-01-28,249800,21.63636364,0.9,2.236363636,3.127272727,0.890909091,0,0.090909091,0.090909091,0.47387384,0.225444822,0,0.614778922,0.123318386,0.139166667,0,1,6,1,10213.46364,188.0909091,12.66363636,8.027272727,4.363636364
2024-01-29,240055.5556,7.781818182,0.6,2.072727273,2.654545455,0.581818182,0,0.054545455,0.054545455,0.491891843,0.244677569,0,0.644457904,0.074311339,0.193333333,0,1,0,1,27743.99091,180.0454545,26.47272727,16.10909091,10.22727273
2024-01-30,242000,50.18181818,0.181818182,4.963636364,5.236363636,0.272727273,0,0.036363636,0.036363636,0.53513511,0.287668415,0,0.445184737,0.106342088,0.093333333,0,1,1,1,11207.08182,86.61818182,11.02727273,6.745454545,4.2
2024-01-31,239500,18.54545455,0.090909091,6.090909091,6.227272727,0.136363636,0,0,0,0.529729638,0.34310398,0,0.430042399,0.106342088,0.2625,0,1,2,1,19359.8,193.2,27.89090909,17.81818182,8.018181818
2024-02-01,242590.9091,13.74545455,0.054545455,5.909090909,8.990909091,3.081818182,0,2,2,0.54234227,0.305975522,0,0.63173834,0.183055734,0.580416667,2,2,3,1,55457.2,524.1727273,49.11818182,29.03636364,18.35454545
2024-02-02,247235.2941,9.163636364,0.036363636,5.081818182,6.227272727,1.145454545,0,0.727272727,0.727272727,0.572972905,0.32705955,0,0.646274985,0.156950673,0.807916667,3,2,4,1,23654.14545,229.7818182,21.14545455,12.67272727,7.563636364
2024-02-03,244714.2857,143.3636364,0,2.709090909,4.527272727,1.818181818,0,0.545454545,0.545454545,0.405405411,0.336933045,0.018766756,0.717141127,0.163997438,0.940833333,3,2,5,1,16387.54545,159.5909091,14.90909091,8.909090909,5.363636364
2024-02-04,238090.9091,52.72727273,0,1.681818182,2.590909091,0.909090909,0,0.363636364,0.363636364,0.569369325,0.404504782,0,0.718352514,0.155188981,0.697916667,3,2,6,1,10554.78182,102.6272727,9.272727273,5.509090909,3.4
2024-02-05,243950,39.21818182,0,1.945454545,3.490909091,1.545454545,0,0.181818182,0.181818182,0.571171115,0.337035894,0.101876676,0.737734706,0.570787956,0.917083333,71,2,0,1,5439.4,52.50909091,4.727272727,2.809090909,1.736363636
2024-02-06,248000,663.1454545,0,0.863636364,1.545454545,0.681818182,0,0.090909091,0.090909091,0.481081001,0.316774658,0.013404826,0.741974561,0.151985906,0.906666667,3,2,1,1,2567.618182,26.10909091,2.272727273,1.354545455,0.818181818
2024-02-07,238700,244.2727273,0,2.518181818,2.963636364,0.445454545,0,0.054545455,0.054545455,0.390990989,0.267612877,0,0.763173834,0.055413197,0.394166667,0,2,2,1,7260.072727,83.74545455,11.4,7.836363636,3.5
2024-02-08,236266.6667,180.0454545,0,4.018181818,5.3,1.281818182,0,0.036363636,0.036363636,0.428828784,0.261750489,0,0.734706239,0.071428571,0.285416667,0,2,3,1,2968.381818,33.54545455,4.327272727,2.945454545,1.363636364
2024-02-09,251100,119.6090909,0,2.763636364,3.245454545,0.481818182,0,0,0,0.421621623,0.27388666,0,0.701998789,0.165118514,0.28125,0,2,4,1,2988.654545,28.87272727,4.727272727,2.909090909,1.818181818
2024-02-10,239304.3478,60.43636364,0,2.590909091,3.927272727,1.336363636,0,0,0,0.448648576,0.281908876,0,0.674136887,0.18417681,0.15,0,2,5,1,1550,16,2.545454545,1.636363636,0.909090909
2024-02-11,241900,28.95454545,0,3.390909091,3.963636364,0.572727273,0,0,0,0.508108055,0.260721999,0,0.673531193,0.231902627,0.16,0,2,6,1,902.9090909,8.909090909,1.454545455,0.909090909,0.545454545
2024-02-12,247250,17.37272727,0,4.563636364,5.945454545,1.381818182,0,0,0,0.601801749,0.306489767,0,0.591156875,0.180172966,0.003333333,0,2,0,1,515.4090909,4.909090909,0.818181818,0.5,0.318181818
2024-02-13,249592.5926,11.58181818,0,2.1,3.690909091,1.590909091,0,0,0,0.630630594,0.441941788,0,0.782556027,0.344971172,0.0775,0,2,1,1,283.6636364,2.763636364,0.454545455,0.281818182,0.172727273
2024-02-14,244571.4286,1538,15,2.436363636,4.190909091,1.754545455,0,0,0,0.53513511,0.53172889,0.013404826,0.883706844,0.22309417,0.492916667,1,2,2,1,202032.7909,2131.690909,101.2727273,61.17272727,36.1
2024-02-15,250941.1765,561.2727273,30.45454545,3.218181818,4.1,0.881818182,0,0,0,0.520720688,0.411292811,0.115281501,0.962447002,0.352818706,0.885,3,2,3,1,73443.82727,774.8181818,36.78181818,22.20909091,13.11818182
2024-02-16,234947.3684,420.1818182,13.18181818,1.409090909,2.981818182,1.572727273,0,0,0,0.439639626,0.300935925,0,0.711689885,0.140454837,0.044166667,0,2,4,1,55079.67273,581.0909091,27.58181818,16.65454545,9.836363636
2024-02-17,244750,280.1818182,9.545454545,1.936363636,2.636363636,0.7,0,0,0,0.446846786,0.333539031,0,0.760145366,0.112908392,0.051666667,0,2,5,1,36702.72727,387.2727273,18.36363636,11.09090909,6.545454545
2024-02-18,235214.2857,140.1818182,5.909090909,1.936363636,2.372727273,0.436363636,0,0,0,1,0.401727862,0.113941019,0.746820109,0.289557976,0.637083333,3,2,6,1,18351.36364,193.6363636,9.181818182,5.545454545,3.272727273
2024-02-19,236315.7895,70.09090909,2.954545455,3.918181818,4.190909091,0.272727273,0,0,0,0.902702624,0.520004114,0.115281501,0.961841308,0.299647662,0.862083333,51,2,0,1,57698.68182,266.8181818,23.59090909,12.77272727,10.63636364
2024-02-20,236950,42.03636364,1.545454545,3.663636364,3.8,0.136363636,0,0,0,0.830630614,0.372724468,0.026809651,0.699576015,0.334080717,0.95,3,2,1,1,23150.13636,119.9090909,9.663636364,5.3,4.254545455
2024-02-21,234705.8824,28.01818182,0.954545455,1.890909091,1.954545455,0.063636364,0,0,0,0.700900814,0.344235318,0.205093834,0.781950333,0.658872518,1,73,2,2,1,16903.81818,85.09090909,7.018181818,3.836363636,3.109090909
2024-02-22,249888.8889,342.0363636,2.454545455,3.263636364,4.290909091,1.027272727,0,0,0,0.909909886,0.287462717,0.076407507,0.716535433,0.489269699,0.940416667,71,2,3,1,8822.363636,30.90909091,3.454545455,1.818181818,1.636363636
2024-02-23,238562.5,124.3636364,0.727272727,2.436363636,2.818181818,0.381818182,0,0,0,0.699099024,0.318625938,0.002680965,0.581465778,0.38420884,0.619583333,1,2,4,1,4411.181818,15.45454545,1.727272727,0.909090909,0.818181818
2024-02-24,239529.4118,93.27272727,0.545454545,3.272727273,5.545454545,2.272727273,0,0,0,0.648648596,0.317597449,0.028150134,0.628709873,0.262972454,0.661666667,1,2,5,1,2205.590909,7.727272727,0.863636364,0.454545455,0.409090909
2024-02-25,232000,62.18181818,0.363636364,4.554545455,6.463636364,1.909090909,0,0,0,0.666666599,0.344646714,0.028150134,0.751059964,0.176169122,0.76875,3,2,6,1,1323.354545,4.636363636,0.518181818,0.272727273,0.245454545
2024-02-26,236500,130.0909091,0.181818182,2.109090909,3.109090909,1,0,0,0,0.727927868,0.347115088,0,0.622047244,0.131005766,0.275833333,0,2,0,1,121246.2364,1227.090909,104.3454545,65.18181818,38.16363636
2024-02-27,227470.5882,51.54545455,0.090909091,3.4,4.081818182,0.681818182,0,0,0,0.7405405,0.358531317,0,0.560872199,0.275944907,0.73,3,2,1,1,43768.72727,445.0909091,37.81818182,23.63636364,13.81818182
2024-02-28,232333.3333,36.32727273,0.054545455,4.554545455,5.945454545,1.390909091,0,0,0,0.836035984,0.398745243,0,0.616596002,0.129884689,0.873333333,3,2,2,1,69030.54545,1056.818182,63.36363636,29.72727273,33.36363636
2024-02-29,234913.0435,24.21818182,0.036363636,4.063636364,8.627272727,4.563636364,0,0,0,0.868468409,0.372415921,0.001340483,0.615384615,0.240711083,0.572916667,1,2,3,1,35049.45455,485.4545455,31.63636364,16.18181818,15.27272727
2024-03-01,235285.7143,9,0,4.118181818,5.945454545,1.827272727,0,0,0,0.751351343,0.181116939,0,0.121744397,0.655349135,0.043333333,0,3,4,2,20816,308.4545455,19,9.181818182,9.727272727
2024-03-02,239600,42.5,10,3.118181818,7.454545455,4.336363636,0,0,0,0.857657567,0.253625424,0.048257373,0.407026045,0.457399103,0.451666667,0,3,5,2,12053.63636,187.0909091,11.09090909,5.136363636,5.909090909
2024-03-03,243136.3636,33.51818182,6.636363636,3.690909091,6.618181818,2.927272727,0,0,0,0.963963893,0.342898282,0.00536193,0.742580254,0.280269058,0.126666667,0,3,6,2,6573.927273,99.10909091,6.018181818,2.863636364,3.127272727
2024-03-04,239714.2857,24.34545455,13.81818182,2.736363636,4.327272727,1.590909091,0,0,0,0.855855777,0.35544585,0,0.421562689,0.098814862,0.274583333,0,3,0,2,3834.072727,55.11818182,3.481818182,1.727272727,1.736363636
2024-03-05,239576.9231,632.7272727,41.27272727,2.481818182,5.509090909,3.027272727,0,0,0,0.74234229,0.432891083,0.008042895,0.491823137,0.286034593,0.779166667,3,3,1,2,987.3818182,19.71818182,0.954545455,0.327272727,0.627272727
2024-03-06,234060.6061,233.2727273,16.90909091,3.290909091,4.6,1.309090909,1,1,0,0.711711656,0.40090507,0,0.573591763,0.254324151,0.59,2,3,2,2,6195.254545,94.14545455,11.63636364,10.21818182,0.418181818
2024-03-07,229612.9032,538.1818182,15.09090909,4.5,5.345454545,0.845454545,2.363636364,2.363636364,0,0.691891863,0.367067777,0.028150134,0.551786796,0.316944266,0.570416667,3,3,3,2,11364.45455,92.45454545,18,7.636363636,9
2024-03-08,230391.3043,293.6272727,11.77272727,3.063636364,3.554545455,0.490909091,1,1,0,0.722522498,0.305872673,0,0.407631738,0.44442665,0.040416667,0,3,4,2,6471.454545,57,9.090909091,4.181818182,4.272727273
2024-03-09,229266.6667,173.9727273,5.809090909,3.754545455,5.018181818,1.263636364,0.727272727,0.727272727,0,0.654053967,0.288696904,0,0.456692913,0.227578475,0,0,3,5,2,4124.636364,36.27272727,6.181818182,2.909090909,2.818181818
2024-03-10,227258.0645,107.5181818,3.281818182,4.836363636,7.309090909,2.472727273,0.454545455,0.454545455,0,0.73513513,0.344955261,0,0.621441551,0.152626521,0.074166667,0,3,6,2,2629.272727,22.09090909,3.818181818,1.636363636,1.909090909
2024-03-11,230791.6667,185.5363636,1.954545455,4.227272727,5.281818182,1.054545455,0.227272727,0.227272727,0,0.515315317,0.397613905,0.00536193,0.605693519,0.154067905,0.659166667,3,3,0,2,17515.59091,215.5909091,10.95454545,2.818181818,8
2024-03-12,229269.2308,78.20909091,1.045454545,3.209090909,5.972727273,2.763636364,0.118181818,0.118181818,0,0.513513425,0.41797799,0.022788204,0.752271351,0.138532992,0.541666667,51,3,1,2,6583.418182,80.34545455,4.3,1.181818182,3.045454545
2024-03-13,227714.2857,46.68181818,0.218181818,2.8,5.981818182,3.181818182,0.072727273,0.072727273,0,0.5369369,0.391854366,0,0.599636584,0.292921204,0.04125,0,3,2,2,4825.745455,59.37272727,3.081818182,0.836363636,2.2
2024-03-14,217884.6154,30.98181818,0.136363636,1.445454545,4.945454545,3.5,0.036363636,0.036363636,0,0.500900895,0.427131544,0,0.690490612,0.207719411,0,0,3,3,2,3145.318182,38.56363636,1.918181818,0.436363636,1.463636364
2024-03-15,210615.3846,462.3818182,1.054545455,2.845454545,4.6,1.754545455,1,1,0,0.619819752,0.434536666,0,0.784373107,0.31326073,0.00875,0,3,4,2,13702.74545,105.7636364,5.836363636,4.181818182,1.654545455
2024-03-16,209937.5,169.4090909,0.363636364,2.209090909,4.372727273,2.163636364,0.363636364,0.363636364,0,0.605405329,0.48719531,0,0.611750454,0.119154388,0.2175,0,3,5,2,23325.45455,172.9090909,19.22727273,12.54545455,6.681818182
2024-03-17,212695.6522,126.1909091,0.272727273,2.154545455,3.190909091,1.036363636,0.272727273,0.272727273,0,0.581981957,0.475881929,0.001340483,0.373107208,0.574471493,0.484583333,1,3,6,2,10370.45455,77.29090909,7.790909091,5.145454545,2.645454545
2024-03-18,215966.6667,84.12727273,0.181818182,2.109090909,2.709090909,0.6,0.181818182,0.181818182,0,0.439639626,0.40193356,0,0.172016959,0.205797566,0.189166667,0,3,0,2,7463.727273,55.52727273,5.709090909,3.763636364,1.945454545
2024-03-19,219031.25,40.90909091,0.090909091,2.045454545,2.409090909,0.363636364,0.090909091,0.090909091,0,0.554954902,0.434433817,0.009383378,0.516050878,0.576713645,0.597083333,3,3,1,2,4410.363636,31.90909091,3.545454545,2.363636364,1.181818182
2024-03-20,227548.3871,20.45454545,0.045454545,5.018181818,5.2,0.181818182,0.045454545,0.045454545,0,0.545945952,0.382803661,0,0.309509388,0.535233824,0.09125,0,3,2,2,5347.181818,50.95454545,2.772727273,1.181818182,1.590909091
2024-03-21,228953.4884,12.27272727,0.027272727,3.1,4.181818182,1.081818182,2.027272727,2.027272727,0,0.450450366,0.37817546,0,0.458509994,0.135650224,0.077083333,0,3,3,2,35075.62727,475.1,45.27272727,24.60909091,20.66363636
2024-03-22,227687.5,8.181818182,0.018181818,6.836363636,7.227272727,0.390909091,0.745454545,0.745454545,0,0.578378377,0.496965957,0.21849866,0.551181102,0.553811659,0.834166667,3,3,4,2,111362.1364,1293.818182,73.82727273,30.1,43.72727273
2024-03-23,225421.0526,123,5,4,4.290909091,0.290909091,0.545454545,0.545454545,0,0.621621542,0.561863622,0.017426273,0.721986675,0.214285714,0.49625,3,3,5,2,45429.05455,537.6727273,33.21818182,14.38181818,18.83636364
2024-03-24,232833.3333,44.72727273,1.818181818,2.363636364,3.545454545,1.181818182,0.363636364,0.363636364,0,0.601801749,0.597449347,0,0.479103574,0.206598334,0.390416667,1,3,6,2,66578.54545,1216.545455,46.63636364,24.09090909,22.54545455
2024-03-25,226703.7037,33.54545455,1.363636364,3.5,3.954545455,0.454545455,0.181818182,0.181818182,0,0.702702705,0.517330042,0.033512064,0.66262871,0.498398463,0.83875,3,3,0,2,36253.36364,577.1363636,25.77272727,14.09090909,11.68181818
2024-03-26,222974.359,22.36363636,0.909090909,1.536363636,2.854545455,1.318181818,0.090909091,0.090909091,0,0.783783767,0.453358017,0.166219839,0.763779528,0.267616912,0.74625,3,3,1,2,20776.19091,359.6818182,14.57272727,7.909090909,6.663636364
2024-03-27,219645.1613,11.18181818,0.454545455,3.963636364,6.536363636,2.572727273,0.054545455,0.054545455,0,0.549549532,0.490795022,0,0.798304058,0.125400384,0.55,1,3,2,2,17824.62727,266.4727273,12.80909091,7.972727273,4.836363636
2024-03-28,225216.2162,5.590909091,0.227272727,3.654545455,5.763636364,2.109090909,0.036363636,0.036363636,0,0.581981957,0.519901265,0.040214477,0.887946699,0.142696989,0.897916667,51,3,3,2,8873.818182,135.4545455,6.445454545,3.918181818,2.527272727
2024-03-29,219257.1429,3.354545455,0.136363636,4.845454545,5.981818182,1.136363636,0,0,0,0.598198169,0.477321814,0.067024129,0.799515445,0.444266496,0.466666667,0,3,4,2,678292.3636,10415.66364,363.4454545,283.1090909,66.33636364
2024-03-30,217808.5106,4.236363636,0.090909091,4.290909091,6.045454545,1.754545455,0,0,0,0.73693692,0.460454592,0.013404826,0.656571775,0.236547085,0.23125,0,3,5,2,246856.0091,3793.054545,132.4,103.2454545,24.06363636
2024-03-31,216161.2903,328.7272727,116,4.236363636,7.027272727,2.790909091,0,0,0,0.661261229,0.480818677,0,0.443973349,0.117232543,0.135833333,0,3,6,2,184796.1182,2840.7,99.04545455,77.24545455,17.98181818
2024-04-01,222700,119.8181818,42.18181818,3.172727273,4.381818182,1.209090909,0,0,0,0.53513511,0.522061092,0,0.319806178,0.212844331,0.049583333,0,4,0,2,122706.8727,1883.109091,65.69090909,51.28181818,11.86363636
2024-04-02,211541.6667,89.81818182,31.63636364,2.718181818,3.563636364,0.845454545,0,0,0,0.547747742,0.588912887,0,0.456692913,0.158872518,0.345833333,1,4,1,2,61350.05455,941.4727273,32.83636364,25.62727273,5.936363636
2024-04-03,212966.6667,59.81818182,21.09090909,2.427272727,2.945454545,0.518181818,0,0,0,0.574774695,0.615242209,0.006702413,0.614778922,0.198110186,0.5875,3,4,2,2,30699.85455,470.9363636,16.43636364,12.82727273,2.972727273
2024-04-04,223517.2414,29.90909091,10.54545455,3.209090909,3.454545455,0.245454545,0,0,0,0.446846786,0.620693202,0,0.436705027,0.324631646,0.769583333,3,4,3,2,18360.32727,282.0818182,9.818181818,7.663636364,1.772727273
2024-04-05,221083.3333,14.96363636,5.272727273,2.472727273,2.590909091,0.118181818,0,0,0,0.486486473,0.594158182,0.001340483,0.50938825,0.289397822,0.53125,3,4,4,2,12240.21818,188.0545455,6.545454545,5.109090909,1.181818182
2024-04-06,217216.2162,8.981818182,3.163636364,1.318181818,1.390909091,0.072727273,0,0,0,0.53513511,0.544173609,0,0.550575409,0.128122998,0.284583333,1,4,5,2,2662946,29588,1165,381,748
2024-04-07,229615.3846,5.963636364,2.109090909,0.836363636,0.872727273,0.036363636,0,0,0,0.53333332,0.594261031,0,0.300423985,0.114189622,0.094583333,0,4,6,2,968344,10759.27273,423.6363636,138.5454545,272
2024-04-08,221000,0,0,1.454545455,2.454545455,1,0,0,0,0.509909845,0.630155302,0,0.393700787,0.090326714,0.437083333,1,4,0,2,726258,8069.454545,317.7272727,103.9090909,204
2024-04-09,222348.8372,0,0,0.590909091,0.954545455,0.363636364,0,0,0,0.518918897,0.603620282,0,0.211387038,0.525944907,0.04,0,4,1,2,484172,5379.636364,211.8181818,69.27272727,136
2024-04-10,219906.25,0,0,2.390909091,3.663636364,1.272727273,0,0,0,0.828828824,0.593129692,0,0.538461538,0.31838565,0.476666667,1,4,2,2,295382,3692.818182,162.9090909,66.63636364,90
2024-04-11,222442.3077,0,0,0.972727273,2.518181818,1.545454545,0,0,0,0.704504496,0.619253317,0.006702413,0.675953967,0.086483024,0.5175,0,4,3,2,140423.3636,1709.636364,73.68181818,28.95454545,42
2024-04-12,223363.6364,0,0,1.654545455,2.381818182,0.727272727,0,0,0,0.585585537,0.650930783,0,0.654149001,0.15598975,0.107916667,0,4,4,2,87161.07273,1080.490909,47.31818182,19.11818182,26.4
2024-04-13,219034.4828,0,0,0.772727273,1.272727273,0.5,0,0,0,0.583783747,0.700606809,0,0.56632344,0.132447149,0.18875,0,4,5,2,58107.38182,720.3272727,31.54545455,12.74545455,17.6
2024-04-14,217575.7576,0,0,2.481818182,2.781818182,0.3,0,0,0,0.520720688,0.747608763,0,0.451241672,0.136611147,0.225416667,1,4,6,2,4845.090909,91.18181818,5.181818182,2.909090909,2
2024-04-15,226179.4872,0,0,1.018181818,1.172727273,0.154545455,0,0,0,0.612612592,0.671809112,0.256032172,0.721380981,0.401985906,0.774166667,3,4,0,2,5846.545455,76.59090909,12.59090909,7.454545455,5
2024-04-16,229891.8919,0,0,0.690909091,1.763636364,1.072727273,0,0,0,0.529729638,0.58860434,0.010723861,0.847970927,0.328475336,0.634583333,3,4,1,2,2698.618182,38.62727273,5.190909091,3.054545455,2.054545455
2024-04-17,230645.1613,0,0,0.445454545,0.854545455,0.409090909,0,0,0,0.614414382,0.597655045,0,0.72986069,0.122517617,0.4825,1,4,2,2,1902.836364,26.69090909,3.763636364,2.218181818,1.490909091
2024-04-18,226666.6667,0,0,1.209090909,1.5,0.290909091,1,1,0,0.466666578,0.665021084,0,0.561477892,0.147181294,0.018333333,0,4,3,2,622.5454545,5.636363636,1.818181818,1.090909091,0.727272727
2024-04-19,224794.1176,0,0,3.472727273,3.654545455,0.181818182,0.363636364,0.363636364,0,0.47027026,0.65967294,0,0.549969715,0.17905189,0.174583333,1,4,4,2,311.2727273,2.818181818,0.909090909,0.545454545,0.363636364
2024-04-20,226894.7368,0,0,1.418181818,2.509090909,1.090909091,0.272727273,0.272727273,0,0.526126058,0.626144194,0.076407507,0.787401575,0.348334401,0.837916667,51,4,5,2,155.6363636,1.409090909,0.454545455,0.272727273,0.181818182
2024-04-21,227611.1111,0,0,1.036363636,1.445454545,0.409090909,0.181818182,0.181818182,0,0.583783747,0.692276046,0.001340483,0.57662023,0.571588725,0.80875,3,4,6,2,93.38181818,0.845454545,0.272727273,0.163636364,0.109090909
2024-04-22,219666.6667,0,13,4.636363636,8.936363636,4.3,0.090909091,0.090909091,0,0.527927848,0.720456649,0,0.416111448,0.391095452,0.73875,3,4,0,2,62.25454545,0.563636364,0.181818182,0.109090909,0.072727273
2024-04-23,225571.4286,0,4.727272727,1.772727273,5.427272727,3.654545455,1.045454545,2.045454545,1,0.549549532,0.685179471,0.016085791,0.504542701,0.482543242,0.5925,1,4,1,2,0,0,0,0,0
2024-04-24,222916.6667,0,3.545454545,3.254545455,5.163636364,1.909090909,0.390909091,1.754545455,1.363636364,0.518918897,0.619459015,0.162198391,0.732889158,0.325432415,0.7475,3,4,2,2,481,2,0,0,0
2024-04-25,225264.7059,0,2.363636364,2.554545455,4.872727273,2.318181818,0.290909091,0.927272727,0.636363636,0.423423413,0.616373547,0,0.75045427,0.172805894,0.491666667,3,4,3,2,174.9090909,0.727272727,0,0,0
2024-04-26,216730.7692,42,3.181818182,3.327272727,5.445454545,2.118181818,0.181818182,0.636363636,0.454545455,0.437837836,0.676128767,0,0.647486372,0.131005766,0.19,1,4,4,2,131.1818182,0.545454545,0,0,0
2024-04-27,220473.6842,305.2727273,14.31818182,1.545454545,3.563636364,2.018181818,0.090909091,0.363636364,0.272727273,0.394594569,0.686002263,0,0.653543307,0.131165919,0.15125,0,4,5,2,1899.454545,10.36363636,1,1,0
2024-04-28,224085.7143,198.9090909,5.627272727,1.018181818,3.036363636,2.018181818,0.045454545,0.181818182,0.136363636,0.412612571,0.736192533,0,0.552392489,0.061659193,0.239166667,1,4,6,2,702.6363636,3.818181818,0.363636364,0.363636364,0
2024-04-29,223920,123.5454545,6.145454545,1.618181818,4.654545455,3.036363636,0.027272727,0.1,0.072727273,0.490090053,0.748225856,0,0.391883707,0.370595772,0.215,1,4,0,2,320096.0455,7448.818182,338.2727273,184.2727273,150
2024-04-30,229481.4815,81.45454545,3.272727273,1.645454545,4,2.354545455,0.018181818,0.063636364,0.045454545,0.502702685,0.69762419,0,0.626287099,0.156630365,0.54875,1,4,1,2,585257.4818,8511.509091,207.0909091,120.0909091,85.54545455
2024-05-01,224756.7568,45.09090909,1.818181818,0.790909091,3.045454545,2.254545455,0,0.018181818,0.018181818,0.54234227,0.705852103,0.002680965,0.311932162,0.249039078,0.52875,2,5,2,2,257769.4727,4141.490909,122.8181818,69.54545455,52.18181818
2024-05-02,222542.8571,662.0545455,2.009090909,0.527272727,1.709090909,1.181818182,1,1,0,0.54054048,0.700606809,0,0.439127801,0.247277386,0.000833333,0,5,3,2,188954.1818,2971.636364,84.40909091,47.95454545,35.72727273
2024-05-03,222555.5556,344.4,46.93636364,2.309090909,4.036363636,1.727272727,0.363636364,0.363636364,0,0.419819731,0.732284274,0,0.436705027,0.117232543,0.0175,0,5,4,2,115389.4182,1744.818182,46.02727273,26.39090909,19.27272727
2024-05-04,225379.3103,218.1,17.32727273,4.863636364,7.636363636,2.772727273,0.272727273,0.272727273,0,0.390990989,0.774863725,0,0.360993337,0.16880205,0.172916667,0,5,5,2,57970.03636,875.6363636,23.01818182,13.2,9.636363636
2024-05-05,221416.6667,215.8636364,24.78181818,6.072727273,8.281818182,2.209090909,0.181818182,0.181818182,0,0.401801729,0.728684562,0.895442359,0.821926105,0.441063421,0.99125,63,5,6,2,30554.72727,473.1636364,13.03636364,7.427272727,5.5
2024-05-06,223906.25,102.0363636,12.85454545,10.95454545,13.15454545,2.2,0.090909091,0.090909091,0,0.553153112,0.641057287,0.08310992,0.920048455,0.517777066,0.995833333,51,5,0,2,18860.47273,296.8,8.436363636,4.790909091,3.572727273
2024-05-07,225180,361.4090909,89.5,8.927272727,14.06363636,5.136363636,0.045454545,0.045454545,0,0.522522478,0.62655559,0.025469169,0.731677771,0.441063421,0.90875,3,5,1,2,8655.436364,107.0818182,1.527272727,0.963636364,0.563636364
2024-05-08,223548.3871,145.3818182,34.11818182,5.818181818,7.972727273,2.154545455,0.027272727,0.027272727,0,0.441441416,0.631903733,0.002680965,0.549969715,0.168001281,0.151666667,0,5,2,2,80.12727273,0.954545455,0,0,0
2024-05-09,228500,103.6818182,24.72727273,6.509090909,7.990909091,1.481818182,0.018181818,0.018181818,0,0.398198149,0.649696596,0,0.64021805,0.313100577,0.0825,0,5,3,2,53.41818182,0.636363636,0,0,0
2024-05-10,222733.3333,60.3,16.29090909,4.145454545,5.081818182,0.936363636,0,0,0,0.439639626,0.67582022,0,0.608721987,0.271300448,0.122916667,0,5,4,2,50010,613,71,48,23
2024-05-11,222625,99.57272727,7.781818182,2.272727273,2.745454545,0.472727273,0,0,0,0.601801749,0.692276046,0.217158177,0.809206541,0.571268418,0.729583333,3,5,5,2,57240.45455,1120.909091,51.81818182,30.45454545,21.36363636
2024-05-12,223484.8485,40.56363636,3.945454545,3.381818182,3.609090909,0.227272727,0,0,0,0.569369325,0.677157256,0,0.65233192,0.27049968,0.272916667,0,5,6,2,27840.90909,493.7272727,28.81818182,17.81818182,11
2024-05-13,224689.6552,274.3818182,18.23636364,2.481818182,2.609090909,0.127272727,0,0,0,0.53873869,0.697315643,0,0.527559055,0.148142217,0.002916667,0,5,0,2,20240.09091,360.3636364,20,12.27272727,7.727272727
2024-05-14,220312.5,108.0727273,7.309090909,2.236363636,3.309090909,1.072727273,0,0,0,0.479279211,0.699269773,0,0.532404603,0.211563101,0.0275,0,5,1,2,11827.63636,220.4545455,11.18181818,6.727272727,4.454545455
2024-05-15,233555.5556,134.7272727,9.363636364,1.145454545,2.509090909,1.363636364,0,0,0,0.396396359,0.607219994,0.304289544,0.74015748,0.356982703,0.58875,0,5,2,2,7398.909091,119.5909091,8.590909091,6.363636364,2.227272727
2024-05-16,227115.3846,70.27272727,4.727272727,1.718181818,2.354545455,0.636363636,0,0,0,0.499099105,0.589632829,0.045576408,0.681405209,0.365631006,0.234583333,0,5,3,2,3752.954545,61.53636364,4.209090909,2.990909091,1.218181818
2024-05-17,226866.6667,41,2.818181818,1.745454545,2.2,0.454545455,0,0,0,0.416216151,0.672837602,0,0.730466384,0.249199231,0.305,0,5,4,2,2412.227273,38.45454545,2.818181818,2.045454545,0.772727273
2024-05-18,227000,213.5909091,1.636363636,0.827272727,1.1,0.272727273,0,0,0,0.418017941,0.735986835,0,0.729254997,0.209961563,0.095833333,0,5,5,2,994.4545455,18.14545455,1.018181818,0.781818182,0.236363636
2024-05-19,229217.3913,396.3727273,13.89090909,1.563636364,2.7,1.136363636,0,0,0,0.372972884,0.749871439,0,0.712901272,0.128923767,0.147083333,0,5,6,2,144.4363636,0.927272727,0.272727273,0.272727273,0
2024-05-20,226829.2683,464.6272727,10.24545455,0.681818182,1.118181818,0.436363636,0,0,0,0.405405411,0.735883986,0.028150134,0.846153846,0.205477258,0.647916667,3,5,0,2,74.47272727,0.481818182,0.136363636,0.136363636,0
2024-05-21,220705.8824,227.9363636,5.5,0.427272727,1.745454545,1.318181818,0,0,0,0.360360354,0.769618431,0,0.754088431,0.099295324,0.47125,3,5,1,2,39.27272727,0.245454545,0.081818182,0.081818182,0
2024-05-22,218864.8649,322.0181818,10.81818182,1.254545455,3.818181818,2.563636364,0,0,0,0.345945932,0.742054921,0,0.799515445,0.143978219,0.558333333,1,5,2,2,26.18181818,0.163636364,0.054545455,0.054545455,0
2024-05-23,226107.1429,150.9090909,4.636363636,1.5,2.590909091,1.090909091,0,0,0,0.300900875,0.737221022,0,0.763173834,0.22053171,0.31875,0,5,3,2,0,0,0,0,0
2024-05-24,226444.4444,91.5,2.954545455,0.7,1.472727273,0.772727273,0,0,0,0.320720667,0.768281395,0,0.769230769,0.049487508,0.733333333,3,5,4,2,0,0,0,0,0
2024-05-25,219470.5882,451.6363636,38.85454545,1.481818182,1.963636364,0.481818182,0,0,0,0.333333299,0.794816415,0,0.59721381,0.268257527,0.829166667,3,5,5,2,0,0,0,0,0
2024-05-26,218259.2593,190.8454545,102.4636364,2.654545455,5.9,3.245454545,0,0,0,0.5369369,0.760773424,0.095174263,0.735311932,0.364029468,0.75875,51,5,6,2,0,0,0,0,0
2024-05-27,216951.2195,320.4272727,91.5,2.136363636,3.345454545,1.209090909,0,0,0,0.446846786,0.737735267,0,0.571774682,0.472934017,0.25625,0,5,0,2,0,0,0,0,0
2024-05-28,224178.5714,599.6454545,52.73636364,2.163636364,3.054545455,0.890909091,0,0,0,0.459459418,0.741849223,0,0.532404603,0.298686739,0.1425,0,5,1,2,0,0,0,0,0
2024-05-29,217052.6316,261.8545455,38.30909091,2.136363636,2.718181818,0.581818182,0,0,0,0.454054048,0.766635812,0,0.54391278,0.171684817,0.1025,0,5,2,2,0,0,0,0,0
2024-05-30,220592.5926,2019.363636,30.13636364,1.063636364,1.336363636,0.272727273,0,0,0,0.410810781,0.764784532,0,0.527559055,0.052690583,0.665833333,3,5,3,2,0,0,0,0,0
2024-05-31,219450,781.1636364,14.55454545,2.663636364,2.8,0.136363636,0,0,0,0.399999939,0.765195927,0.004021448,0.601453664,0.302530429,0.265416667,0,5,4,2,0,0,0,0,0
2024-06-01,222142.8571,560.0090909,8.845454545,1.118181818,2.2,1.081818182,0,0,0,0.335135089,0.790291062,0.022788204,0.522713507,0.370595772,0.31375,0,6,5,3,0,0,0,0,0
2024-06-02,221923.0769,560.0454545,42.11818182,1.745454545,2.163636364,0.418181818,0,0,0,0.490090053,0.773218143,0,0.445184737,0.26024984,0.081666667,0,6,6,3,0,0,0,0,0
2024-06-03,222863.6364,255.6363636,15.45454545,2.818181818,5.090909091,2.272727273,0,0,0,0.475675631,0.811169392,0,0.364627498,0.266976297,0.077916667,0,6,0,3,0,0,0,0,0
2024-06-04,224400,216.2090909,20.68181818,2.227272727,3.136363636,0.909090909,0,0,0,0.418017941,0.825362542,0,0.295578437,0.193946188,0.052916667,0,6,1,3,0,0,0,0,0
2024-06-05,231054.0541,111.9181818,10.68181818,3.2,3.836363636,0.636363636,0,0,0,0.387387307,0.857348555,0,0.362810418,0.100736707,0.240416667,1,6,2,3,0,0,0,0,0
2024-06-06,222333.3333,70.65454545,6.254545455,1.509090909,1.918181818,0.409090909,0,0,0,0.385585517,0.858685591,0.002680965,0.459115687,0.085522101,0.221666667,1,6,3,3,0,0,0,0,0
2024-06-07,220146.3415,27.77272727,4.5,1.990909091,2.2,0.209090909,0,0,0,0.396396359,0.822379924,0,0.53361599,0.099935939,0.454583333,1,6,4,3,0,0,0,0,0
2024-06-08,219891.8919,13.97272727,2.281818182,0.936363636,1.045454545,0.109090909,0,0,0,0.365765724,0.781240358,0.211796247,0.777104785,0.142857143,0.58,51,6,5,3,0,0,0,0,0
2024-06-09,219513.5135,8.436363636,1.4,1.572727273,3.627272727,2.054545455,0,0,0,0.54054048,0.815694744,0,0.692307692,0.109224856,0.437083333,1,6,6,3,0,0,0,0,0
2024-06-10,228107.6923,3,0.454545455,2.7,4.463636364,1.763636364,0,0,0,0.54054048,0.855291577,0,0.670502726,0.202594491,0.114583333,0,6,0,3,0,0,0,0,0
2024-06-11,227654.5455,280.8181818,21.27272727,2.163636364,3.072727273,0.909090909,0,0,0,0.452252258,0.87010182,0,0.663234403,0.223894939,0.370833333,1,6,1,3,0,0,0,0,0
2024-06-12,224953.4884,1400.727273,37.68181818,1.172727273,3.809090909,2.636363636,0,0,0,0.392792779,0.875141417,0,0.532404603,0.188821268,0.212916667,0,6,2,3,0,0,0,0,0
2024-06-13,226482.1429,575.6181818,21.66363636,2.754545455,4.845454545,2.090909091,0,0,0,0.398198149,0.910727142,0,0.460932768,0.151665599,0.074583333,0,6,3,3,0,0,0,0,0
2024-06-14,224714.2857,414.9272727,13.83636364,5.154545455,7.245454545,2.090909091,0,0,0,0.347747722,0.918749357,0,0.495457299,0.189942345,0.259583333,1,6,4,3,0,0,0,0,0
2024-06-15,224636.3636,268.9090909,8.727272727,2.209090909,3.309090909,1.1,0,0,0,0.320720667,0.862902396,0.096514745,0.755905512,0.179212044,0.714166667,51,6,5,3,594,6,0,0,0
2024-06-16,225166.6667,135.6818182,4.590909091,1.572727273,4.272727273,2.7,0,0,0,0.445044996,0.852926052,0.001340483,0.597819503,0.294843049,0.056666667,0,6,6,3,74700,1362.181818,170,101,68
2024-06-17,228425,376.1090909,15.39090909,1.972727273,3.081818182,1.109090909,0,0,0,0.421621623,0.852823203,0,0.507571169,0.230621397,0.20375,1,6,0,3,27286.09091,497.1818182,62.81818182,37.72727273,24.72727273
2024-06-18,224520,422.3636364,22.15454545,1.836363636,2.572727273,0.736363636,0,0,0,0.452252258,0.882752237,0,0.572380376,0.185938501,0.005416667,0,6,1,3,20436,372.3636364,46.72727273,27.90909091,18.54545455
2024-06-19,223476.1905,205.9,10.04545455,1.872727273,3.345454545,1.472727273,0,0,0,0.353153092,0.949398334,0,0.497274379,0.124439462,0.164166667,0,6,2,3,13607.18182,248.0909091,31.18181818,18.63636364,12.36363636
2024-06-20,224821.4286,971.6727273,6.818181818,0.963636364,1.554545455,0.590909091,0,0,0,0.356756672,0.975007714,0,0.348273773,0.158712364,0.155,0,6,3,3,6805.363636,124.0909091,15.63636364,9.363636364,6.181818182
2024-06-21,221962.963,386,4.090909091,3.618181818,4,0.381818182,0,0,0,0.329729719,0.954746477,0,0.396123561,0.151345291,0.2825,1,6,4,3,3405.381818,62.07272727,7.818181818,4.681818182,3.090909091
2024-06-22,223400,269.1363636,2.045454545,1.409090909,3.645454545,2.236363636,0,0,0,0.362162144,0.878226885,0.352546917,0.808600848,0.17392697,0.851666667,3,6,5,3,6872.954545,109.2454545,17.68181818,10.8,5.854545455
2024-06-23,229454.5455,546.5090909,102.0818182,1.981818182,3.836363636,1.854545455,0,0,0,0.374774776,0.895094107,0.096514745,0.812235009,0.244074311,0.665,3,6,6,3,3111.318182,50.93636364,7.845454545,4.772727273,2.690909091
2024-06-24,227885.7143,329.2818182,37.4,1,3.954545455,2.954545455,0,0,0,0.358558564,0.861771058,0.148793566,0.751059964,0.388853299,0.48375,1,6,0,3,33542.70909,549.6545455,17.56363636,15.2,2.090909091
2024-06-25,232512.8205,182.7090909,27.83636364,1.590909091,2.981818182,1.390909091,0,0,0,0.383783727,0.81898591,0.013404826,0.646880678,0.381486227,0.256666667,0,6,1,3,12596.18182,205.8181818,7.454545455,6.181818182,1.090909091
2024-06-26,235410.2564,189.1,52.36363636,0.7,2.627272727,1.927272727,0,0,0,0.362162144,0.851691865,0.004021448,0.671714113,0.082319026,0.220416667,0,6,2,3,9227.636364,151.0909091,5,4.272727273,0.636363636
2024-06-27,243309.5238,231.5727273,22.54545455,0.445454545,2.354545455,1.909090909,0,0,0,0.443243206,0.909081559,0,0.536644458,0.037315823,0.147916667,0,6,3,3,6078.590909,99.63636364,3.136363636,2.727272727,0.363636364
2024-06-28,242666.6667,145.6909091,14.22727273,0.281818182,2.2,1.918181818,0,0,0,0.362162144,0.907847372,0,0.451241672,0.135810378,0.1125,0,6,4,3,3061.245455,50.14545455,1.627272727,1.4,0.2
2024-06-29,240789.4737,715.4181818,113.2090909,0.118181818,1.090909091,0.972727273,0,0,0,0.398198149,0.930268436,0.462466488,0.580860085,0.330076874,0.507916667,0,6,5,3,1552.572727,25.4,0.872727273,0.736363636,0.118181818
2024-06-30,239571.4286,962.5090909,43.92727273,6.063636364,7.681818182,1.618181818,0,0,0,0.360360354,0.867530598,0.060321716,0.916414294,0.649263293,0.8725,51,6,6,3,878.8636364,14.45454545,0.381818182,0.354545455,0.027272727
2024-07-01,244551.7241,445.6181818,30.36363636,3.209090909,5.927272727,2.718181818,0,0,0,0.432432364,0.897356783,0,0.743791641,0.097533632,0.600416667,3,7,0,3,585.9090909,9.636363636,0.254545455,0.236363636,0.018181818
